Data,Abertura,Maxima,Minima,Fecho,Volume,MM7,MM30,Retorno_Diario,Amplitude,Distancia_MM7,Distancia_MM30,Volume_MM7,Distancia_Volume,Fecho_Amanha,Alvo,Fecho_SP500,Retorno_SP500,Retorno_SP500_Ontem,Correlacao_BTC_SP500,RSI_14
2023-08-11,29426.02,29481.35,29381.56,29430.17,8971.48068,29423.405714285716,29557.182,0.0001410316447823,0.0033912163452616,0.0002298947232679,-0.0042971620230913,25845.924934285715,-0.6528860660699765,29303.84,0,4464.0498046875,-0.0010696923700230787,0.00025071394456976925,-0.02726561306727671,24.06854769482422
2023-08-12,29430.18,29474.65,29272.32,29303.84,11101.70947,29454.18,29523.57633333333,-0.0042928721468913,0.006874915477921,-0.0051041991323471,-0.0074427410437143,25549.28383,-0.5654786433988275,29430.93,1,4464.0498046875,0.0,-0.0010696923700230787,0.21201312173460268,23.237320128841134
2023-08-13,29303.85,29695.32,29102.45,29430.93,31443.11532,29485.59,29494.956666666665,0.0043366315347642,0.0202318125434029,-0.0018537868836945,-0.0021707665954642,25617.317810000004,0.2274163732990747,29200.0,0,4464.0498046875,0.0,0.0,0.21225431403421344,26.005897872365082
2023-08-14,29430.92,29499.26,29059.6,29200.0,27503.87691,29404.101428571423,29460.557,-0.0078461699464372,0.0149387107164845,-0.0069412571258887,-0.0088442659111977,23017.79538,0.1948962294580967,28730.51,0,4489.72021484375,0.005750475751703066,0.0,0.17269118945013864,24.291489053245257
2023-08-15,29200.01,29259.85,28723.08,28730.51,32996.69854,29282.461428571427,29413.640666666663,-0.0160787616168624,0.0183825279511889,-0.0188492155933612,-0.0232249613167006,22302.48270714285,0.4795078634645499,26623.41,0,4437.85986328125,-0.011550909428841738,0.005750475751703066,0.267880629229725,21.22759337842966
2023-08-16,28730.51,28783.48,25166.0,26623.41,100271.54033,28877.841428571428,29305.783333333333,-0.0733401530289576,0.1259107478426244,-0.0780678650842967,-0.0915305113268313,33275.06650714286,2.0134136714189768,26054.0,0,4404.330078125,-0.007555395210577687,-0.011550909428841738,0.3575693935794581,13.187905984107061
2023-08-17,26623.41,26832.6,25619.0,26054.0,69790.65711,28396.12285714285,29177.27633333333,-0.0213875683092436,0.0455839428533008,-0.0824803748358804,-0.1070448213757764,40297.01119428572,0.7319065370261654,26100.01,1,4370.35986328125,-0.007712913029036983,-0.007555395210577687,0.38292565270547974,11.878634936676747
2023-08-18,26054.0,26281.0,25801.09,26100.01,26160.75343,27920.38571428572,29053.943333333336,0.0017659476471942,0.0184198203730713,-0.0651988025134733,-0.1016706510177679,42752.62158714286,-0.3880900759108673,26189.99,1,4369.7099609375,-0.00014870682600087726,-0.007712913029036983,0.38694784528091525,12.633398611266571
2023-08-19,26100.01,26299.0,25971.05,26189.99,19056.91209,27475.55,28930.219,0.0034475082576597,0.0125651292853911,-0.0467892362482278,-0.0947185709171437,43889.07910428572,-0.5657937582896536,26126.92,0,4369.7099609375,0.0,-0.00014870682600087726,0.4147078528007477,14.181464047905465
2023-08-20,26190.0,26258.42,25812.0,26126.92,30267.24233,27003.54857142857,28807.983,-0.0024085528827797,0.017045437189767,-0.0324634582417845,-0.0930666683606416,43721.09724857142,-0.3077199742284836,26056.0,0,4369.7099609375,0.0,0.0,0.41537391416044395,13.994285476971427
2023-08-21,26126.92,26139.42,25300.0,26056.0,34247.06688,26554.405714285716,28673.724666666665,-0.0027144416563451,0.032128547873228,-0.0187692287166336,-0.0912934994353831,44684.41010142857,-0.2335790759626675,26432.72,1,4399.77001953125,0.006879188518795987,0.0,0.4041159089100129,13.77412983955989
2023-08-22,26055.99,26819.27,25812.82,26432.72,44023.69978,26226.15,28582.265333333336,0.0144584796048816,0.0386264348428135,0.0078764896868203,-0.0752055621996652,46259.695992857145,-0.0483357308098695,26180.05,0,4387.5498046875,-0.002777466728829614,0.006879188518795987,0.41172843932025954,20.893264056619117
2023-08-23,26432.71,26577.87,25864.0,26180.05,30205.22116,26162.812857142857,28480.636666666665,-0.0095586112812496,0.0270070681364112,0.0006588413467337,-0.080777220453054,36250.22182571429,-0.1667576186092807,26060.01,0,4436.009765625,0.011044879965972587,-0.002777466728829614,0.3472760741791755,19.717395367641842
2023-08-24,26180.05,26314.05,25777.15,26060.01,27753.33772,26163.671428571422,28370.905,-0.0045851707693453,0.0205079822231049,-0.0039620367827363,-0.081452988545836,30244.89048428572,-0.0823792952922163,26017.37,0,4376.31005859375,-0.013457974663146133,0.011044879965972587,0.31942914368303926,19.165533438954625
2023-08-25,26060.0,26125.77,25985.92,26017.37,10022.22322,26151.86571428572,28264.058,-0.0016358403683806,0.0053664620107445,-0.0051428726254221,-0.0794892226728377,27939.386168571426,-0.6412869216406106,26101.77,1,4405.7099609375,0.006717966037625089,-0.013457974663146133,0.3168248744568576,18.96250702819424
2023-08-26,26017.38,26182.23,25966.11,26101.77,12099.64216,26139.262857142858,28156.979,0.003243601008249,0.0083067549461167,-0.0014343502090232,-0.0729911046209893,26945.490464285715,-0.5509585481089241,26120.0,1,4405.7099609375,0.0,0.006717966037625089,0.33604938984551336,20.751999487943237
2023-08-27,26101.78,26253.99,25864.5,26120.0,22692.62655,26138.274285714288,28049.215666666667,0.0006980366856207,0.0149219708387704,-0.0006991389528831,-0.0687796653422763,25863.402495714286,-0.122597015077181,27716.34,1,4405.7099609375,0.0,0.0,0.3365864816287782,21.156981769374184
2023-08-28,26120.0,28142.85,25922.0,27716.34,74251.99488,26375.465714285718,27997.05733333333,0.0611156202143951,0.0850248851454823,0.0508379378108205,-0.0100266728031846,31578.39221,1.3513545080514404,27299.99,0,4433.31005859375,0.006264619755036449,0.0,0.39860044117903526,46.7965582755563
2023-08-29,27716.34,27768.57,27017.24,27299.99,35448.25848,26499.36142857143,27932.648666666664,-0.0150218246709341,0.0271078360274119,0.0302131269686121,-0.0226494334359936,30353.329167142856,0.1678540526741411,25940.78,0,4497.6298828125,0.01450830719454621,0.006264619755036449,0.30609669026226083,42.879870705707475
2023-08-30,27299.99,27587.51,25655.01,25940.78,51032.80401,26465.18,27807.141666666663,-0.0497879303252493,0.0707875717170592,-0.0198147150331113,-0.0671180694887434,33328.69814571429,0.5311970418671234,25805.05,0,4514.8701171875,0.003833182103508026,0.01450830719454621,0.2245642164581854,33.131035977898975
2023-08-31,25940.77,26156.0,25333.75,25805.05,41032.15056,26428.757142857143,27694.443000000003,-0.0052319187132841,0.0316972086796189,-0.0235995638949565,-0.0682228200076096,35225.67140857143,0.1648365785305,25869.51,1,4507.66015625,-0.0015969365120942491,0.003833182103508026,0.2197071926613516,32.34032531341535
2023-09-01,25805.04,25987.5,25752.47,25869.51,16250.77698,26407.63428571428,27583.63866666667,0.0024983491596989,0.0091079107027153,-0.0203776029269456,-0.0621429495717003,36115.46480285715,-0.5500327333814522,25971.21,1,4515.77001953125,0.0017991292600010311,-0.0015969365120942491,0.25409369777104374,33.15623598401774
2023-09-02,25869.52,26135.0,25800.0,25971.21,17474.47667,26388.98285714286,27478.87933333333,0.003930880820363,0.012949602466532,-0.0158313361073626,-0.0548664781792775,36883.29830428572,-0.5262225052153342,25826.02,0,4515.77001953125,0.0,0.0017991292600010311,0.2548073822541921,34.49832235508897
2023-09-03,25971.21,26108.02,25631.21,25826.02,21777.59609,26346.985714285714,27370.675666666662,-0.0055904210855019,0.0183591754100021,-0.0197732567943527,-0.0564346925694575,36752.57966714286,-0.4074539450772386,25792.1,0,4515.77001953125,0.0,0.0,0.2616021802729655,33.4652884465156
2023-09-04,25826.03,25915.49,25562.62,25792.1,21323.39337,26072.094285714287,27260.79833333333,-0.0013137907762052,0.0136633466312864,-0.0107392326311011,-0.0538758372141094,29191.35088,-0.2695304353109128,25759.95,0,4515.77001953125,0.0,0.0,0.2618754016077213,33.21504925759581
2023-09-05,25792.11,26040.0,25372.51,25759.95,27262.52386,25852.08857142857,27145.76133333333,-0.0012468929451681,0.0258796197751948,-0.0035640668325112,-0.0510507447669791,28021.96022,-0.0271014716328792,26255.0,1,4496.830078125,-0.004194177587506065,0.0,0.2576236246894207,32.96345352315102
2023-09-06,25759.95,26443.14,25615.38,26255.0,27687.49567,25896.977142857144,27028.580666666665,0.0192178168047686,0.032133602743794,0.0138248898768327,-0.0286208394072535,24686.91617142857,0.1215453350971457,25910.5,0,4465.47998046875,-0.006971599351452862,-0.004194177587506065,0.16354402210421434,40.44420413205694
2023-09-07,26255.0,26445.5,25647.26,25910.5,28999.76471,25912.041428571425,26906.197666666663,-0.0131213102266235,0.0304033517425252,-5.948695997859246e-05,-0.0370062570342373,22968.00390714286,0.2626158035867154,25901.61,0,4451.14013671875,-0.0032112659361860363,-0.006971599351452862,0.16811895012264813,37.32291536972746
2023-09-08,25910.5,25945.09,25796.64,25901.61,10980.62277,25916.627142857145,26787.72633333333,-0.0003431041469674,0.0057293375272573,-0.0005794404794407,-0.0330791916531822,22215.12473428572,-0.5057141068826386,25841.61,0,4457.490234375,0.0014266227216406246,-0.0032112659361860363,0.1729616314915288,37.243038694166614
2023-09-09,25901.6,26033.66,25570.57,25841.61,18738.26914,25898.112857142853,26668.245666666666,-0.0023160731383388,0.0178788182969391,-0.002181736462982,-0.0309970020900136,22395.66651571429,-0.1633082620313182,25162.52,0,4457.490234375,0.0,0.0014266227216406246,0.17278010699307822,36.67258536072571
2023-09-10,25841.6,25900.69,24901.0,25162.52,41682.32,25803.327142857142,26525.990666666665,-0.0262785586031823,0.0386852981239551,-0.0248342835522484,-0.0514013099001818,25239.198502857143,0.6514914289089431,25840.1,1,4457.490234375,0.0,0.0,0.1709587135747581,30.903091561466297
2023-09-11,25162.53,26567.0,25131.48,25840.1,56434.38537,25810.184285714284,26410.532666666662,0.0269277373936563,0.0570499071436775,0.0011590662799828,-0.0215986808697207,30255.054502857143,0.8652878435459639,26222.0,1,4487.4599609375,0.006723453106275201,0.0,0.21426962592823343,40.89480094405405
2023-09-12,25840.1,26405.22,25764.17,26222.0,31610.82753,25876.191428571437,26303.568333333336,0.0147793545690613,0.024808340524998,0.013363967119471,-0.0031010367984927,30876.240741428574,0.0237913285727748,26522.73,1,4461.89990234375,-0.005695885604828921,0.006723453106275201,0.1827809114361161,45.663971282986026
2023-09-13,26222.0,26860.49,26126.77,26522.73,38333.1725,25914.43857142857,26214.326,0.0114686141407977,0.0279810845854626,0.0234730699218036,0.0117647121654014,32397.05171714286,0.1832302777019691,26600.0,1,4467.43994140625,0.0012416323054647016,-0.005695885604828921,0.19568696530367857,49.143912252291834
2023-09-14,26522.73,26888.0,26224.0,26600.0,26227.29369,26012.93857142857,26143.309,0.0029133501717206,0.025035130244888,0.0225680550069122,0.017468752712214,32000.984428571428,-0.180422285178718,26559.67,0,4505.10009765625,0.00842991886716793,0.0012416323054647016,0.17443702963413804,50.02946978613769
2023-09-15,26599.99,26777.0,26445.0,26559.67,13960.93351,26106.947142857145,26141.18433333333,-0.0015157900435302,0.0124812076997021,0.0173410875911899,0.0160086728026719,32426.74310571429,-0.5694623581379721,26527.51,0,4450.31982421875,-0.012159612938677844,0.00842991886716793,0.031827452248322084,49.544547997763225
2023-09-16,26559.67,26623.25,26399.0,26527.51,12998.10277,26204.932857142856,26156.968,-0.001210858418045,0.0084432524952305,0.0123097870395502,0.0141660914216051,31606.719338571427,-0.588755079868802,26762.51,1,4450.31982421875,0.0,-0.012159612938677844,-0.02397027591012653,49.135556594658055
2023-09-17,26527.5,27409.0,26377.35,26762.51,43000.43256,26433.502857142856,26179.05133333333,0.0088591084723399,0.0388898313071341,0.0124465964513,0.0222872349054055,31795.021132857142,0.3524266073081212,27210.26,1,4450.31982421875,0.0,0.0,-0.02527636528231459,52.238224392123335
2023-09-18,26762.5,27483.57,26667.79,27210.26,36190.52187,26629.24,26213.06033333333,0.0167308734236337,0.0304822045773002,0.0218188727879579,0.0380420925289138,28903.040632857144,0.2521354527958696,27125.0,0,4453.52978515625,0.0007212876971294246,0.0,-0.02410223870845455,57.551210794222435
2023-09-19,27210.25,27388.63,26800.0,27125.0,34207.21867,26758.24,26246.32966666667,-0.0031330105383081,0.0216326568113119,0.013706432112127,0.0334778365010502,29273.95365285714,0.1685206267538574,26568.08,0,4443.9501953125,-0.002151010615372817,0.0007212876971294246,-0.020761143139598696,56.26766447180739
2023-09-20,27125.01,27159.6,26377.7,26568.08,34476.82662,26764.71857142857,26263.399,-0.0205319739974288,0.0288257958245913,-0.0073469321526317,0.0116009736591978,28723.047098571427,0.2003192593627973,26580.14,1,4402.2001953125,-0.0093947947580596,-0.002151010615372817,0.05137998438727441,48.63709609314998
2023-09-21,26568.08,26743.38,26468.77,26580.14,18198.2292,26761.881428571425,26268.313,0.0004539281724534,0.0103360875155449,-0.0067910557430912,0.0118708422577422,27576.03788571429,-0.3400709240602124,26575.96,0,4330.0,-0.01640093410321941,-0.0093947947580596,0.057161395297141045,48.79902166355102
2023-09-22,26580.14,26632.81,26509.0,26575.96,9440.7026,26764.20857142857,26281.51,-0.0001572602702619,0.0046579890098397,-0.0070335937984555,0.0112036941560814,26930.29061285714,-0.6494392602101073,26248.38,0,4320.06005859375,-0.002295598477193961,-0.01640093410321941,0.09512134078860576,48.741665527187884
2023-09-23,26575.97,26738.54,26122.08,26248.38,15706.65771,26724.33285714286,26287.789,-0.0123265491344248,0.0231961429817989,-0.0178097189436722,-0.0014991371088682,27317.22703285714,-0.4250273759079557,26304.81,1,4320.06005859375,0.0,-0.002295598477193961,0.07856256959452962,44.34301211117575
2023-09-24,26248.39,26446.15,25990.46,26304.81,26266.2039,26658.947142857145,26297.37033333333,0.0021494651671969,0.0173606838362277,-0.0132839883345516,0.0002829053465181,24926.622938571432,0.0537409726431775,26221.67,0,4320.06005859375,0.0,0.0,0.08572811517313259,45.25945592376091
2023-09-25,26304.8,26397.46,26088.34,26221.67,18495.35066,26517.72,26301.367,-0.0031602597244609,0.0117514674127915,-0.0111642328224296,-0.0030301466840109,22398.74133714286,-0.1742683045618298,26372.99,1,4337.43994140625,0.0040230650909416354,0.0,0.07912803439852611,44.10711897138955
2023-09-26,26221.68,26850.0,26112.06,26372.99,34771.57978,26410.29,26309.8,0.0057704159306345,0.0281423615878158,-0.0014123283008251,0.0024017666420878,22479.364352857145,0.546822198092114,27021.39,1,4273.52978515625,-0.014734533990868215,0.0040230650909416354,0.050641543075702795,46.763851210607335
2023-09-27,26373.0,27308.48,26342.4,27021.39,44517.83491,26475.04857142857,26286.635,0.0245853714025707,0.0366314033291623,0.0206360878658039,0.0279516568020211,23913.794108571423,0.8615964789143794,26906.96,0,4274.509765625,0.00022931406074522265,-0.014734533990868215,-0.08691241043541925,56.340280167652416
2023-09-28,27021.39,27244.89,26665.16,26906.96,28478.76219,26521.737142857142,26273.534,-0.0042347932508283,0.0214544847618867,0.0145247973414367,0.0241088998533657,25382.441678571427,0.1219867083962444,26962.56,1,4299.7001953125,0.005893173970516585,0.00022931406074522265,-0.015990482615912047,54.47777329406315
2023-09-29,26906.96,27094.99,26886.31,26962.56,12804.62307,26576.965714285718,26307.59333333333,0.0020663798511612,0.007755614160797,0.0145085895003815,0.0248964874273308,25863.00174571429,-0.5049057647718006,27992.57,1,4288.0498046875,-0.002709582086142026,0.005893173970516585,0.11962421076386118,55.25183168328897
2023-09-30,26962.57,28065.51,26954.09,27992.57,24602.81468,26826.135714285712,26380.510666666665,0.0382011062001878,0.0412208480126337,0.0434812638740631,0.0611079654106266,27133.881312857146,-0.0932806701582284,27494.51,0,4288.0498046875,0.0,-0.002709582086142026,0.13168670876333732,66.5867866936681
2023-10-01,27992.58,28580.0,27281.44,27494.51,57071.14241,26996.092857142856,26434.677333333333,-0.0177929294120085,0.0463894360576981,0.0184625658792423,0.0400925138333445,31534.586814285714,0.8097951543207087,27426.46,0,4288.0498046875,0.0,0.0,0.11254333795901905,58.82705742357195
2023-10-02,27494.51,27676.52,27160.5,27426.46,28928.96555,27168.20571428572,26483.185666666664,-0.0024750395624435,0.0187681104336829,0.0095057542051254,0.0356178575042275,33025.103227142856,-0.1240310332709663,27778.57,1,4288.39013671875,7.936755559079245e-05,0.0,0.10744341615517435,57.83535120221825
2023-10-03,27426.45,27839.72,27202.0,27778.57,29816.142,27369.002857142856,26548.270666666667,0.012838701326639,0.0232520067307289,0.0149646351748709,0.0463419764240261,32317.183544285712,-0.0773904551694122,27410.39,0,4229.4501953125,-0.013744071674259506,7.936755559079245e-05,0.05522744549103467,61.45608541655635
2023-10-04,27778.57,28120.39,27352.0,27410.39,30681.49619,27424.574285714283,26602.213666666667,-0.0132541019930111,0.0276612511011185,-0.0005172107893639,0.0303800406785695,30340.56372714286,0.0112368532741578,27931.09,1,4263.75,0.008109754957160709,-0.013744071674259506,-0.005436743156260809,56.037414627319635
2023-10-05,27410.39,28295.0,27175.94,27931.09,37983.24277,27570.878571428573,26674.585000000003,0.0189964462380871,0.0408261246921332,0.0130649238339727,0.0471049502738279,31698.346667142858,0.1982720477144567,27956.67,1,4258.18994140625,-0.001304030159777203,0.008109754957160709,-0.005253995772287881,61.242160193434835
2023-10-06,27931.1,28029.67,27842.08,27956.67,13348.83825,27712.894285714287,26731.30733333333,0.0009154669884107,0.0067161694312073,0.0087964725651689,0.0458399827358486,31776.091692857142,-0.579909374034169,27917.05,0,4308.5,0.011814893014644445,-0.001304030159777203,0.020357407499036695,61.48340711939796
2023-10-07,27956.67,28095.14,27687.5,27917.05,19693.56921,27702.105714285717,26798.19233333333,-0.001417193106332,0.014581135736123,0.0077591316678659,0.0417512365292997,31074.77091142857,-0.3662521514275373,27590.12,0,4308.5,0.0,0.011814893014644445,0.007298606939078657,60.85161680893756
2023-10-08,27917.06,27987.93,27260.0,27590.12,31534.74639,27715.76428571428,26854.476,-0.0117111185776726,0.0260747370962415,-0.004533314846347,0.027393720138125,27426.714337142857,0.1497821431455173,27390.12,0,4308.5,0.0,0.0,0.004135238840494354,55.75992399185863
2023-10-09,27590.12,27735.0,27298.0,27390.12,22776.84383,27710.57285714286,26906.093,-0.0072489717333596,0.0158390032373907,-0.0115642812147875,0.0179894940525182,26547.839805714288,-0.1420453039988058,26875.52,0,4335.66015625,0.00630385429964031,0.0,-0.018551012146773422,52.84673831881077
2023-10-10,27390.12,27477.39,26538.66,26875.52,37349.44706,27581.565714285716,26963.193000000003,-0.0187877964755173,0.0342725771190487,-0.0255984639015623,-0.0032515807753185,27624.02624285714,0.3520638422379721,26759.63,0,4358.240234375,0.005207990781392224,0.00630385429964031,-0.05594230551121829,46.16373870387841
2023-10-11,26875.52,26947.04,26555.0,26759.63,23428.64112,27488.6,26993.844,-0.0043121026123401,0.0145872526373443,-0.0265189933281433,-0.0086765708507464,26587.90409,-0.1188233175246119,26862.0,1,4376.9501953125,0.00429300817103373,0.005207990781392224,-0.1441766369342175,44.790027496180386
2023-10-12,26759.63,27130.0,26685.0,26862.0,24115.76499,27335.87285714285,27015.177333333333,0.0038255386939206,0.0166295273888316,-0.0173352012434105,-0.005670047301312,24606.83583571428,-0.0199566839472121,26852.48,0,4349.60986328125,-0.00624643434611849,0.00429300817103373,-0.12625783647065228,46.30987599273665
2023-10-13,26862.0,26989.58,26789.0,26852.48,10417.25576,27178.131428571425,27026.169,-0.0003544039907676,0.0074670538306902,-0.011982112509364,-0.0064266970283505,24188.038337142854,-0.5693220088872032,27154.15,1,4327.77978515625,-0.005018858888767519,-0.00624643434611849,-0.13479454350324874,46.18255218284817
2023-10-14,26852.48,27293.33,26808.25,27154.15,15274.6917,27069.14571428572,27044.640666666663,0.0112343440903783,0.0180646256882046,0.0031402648096656,0.0040492064465958,23556.77012142857,-0.3515795407747654,28500.78,1,4327.77978515625,0.0,-0.005018858888767519,-0.1417340301886228,50.79882376510855
2023-10-15,27154.14,30000.0,27112.66,28500.78,78399.22445,27199.24,27109.34433333333,0.049592437838208,0.1063314838915907,0.0478520723373152,0.0513267915873484,30251.695558571428,1.5915646380285808,28395.91,0,4327.77978515625,0.0,0.0,-0.1159246162151023,65.16368200331809
2023-10-16,28500.77,28613.65,28069.32,28395.91,38428.44532,27342.924285714285,27171.624333333333,-0.0036791988426979,0.0190987822434271,0.0385103547551372,0.045057507480874,32487.63862857143,0.1828636041957169,28320.0,0,4373.6298828125,0.01059436938392988,0.0,-0.13181246045323697,63.606235220429184
2023-10-17,28395.91,28982.36,28142.87,28320.0,32162.47591,27549.27857142857,27223.540666666664,-0.0026732723128084,0.0295637646407528,0.0279761020446735,0.0402761472785159,31746.642750000003,0.0130984924382279,28713.71,1,4373.2001953125,-9.824505308242415e-05,0.01059436938392988,-0.13398395168955377,62.442852152093955
2023-10-18,28320.0,28916.89,28100.66,28713.71,35895.50179,27828.432857142856,27273.65566666667,0.0139021892655366,0.0288216807909604,0.0318119653881233,0.0528001948449226,33527.622845714286,0.0706247190617152,29669.04,1,4314.60009765625,-0.013399820506516447,-9.824505308242415e-05,-0.18150708946373892,65.92408237541198
2023-10-19,28713.71,30207.55,28578.29,29669.04,59422.0992,28229.43857142857,27358.457,0.0332708660775637,0.0567415356636254,0.0509964597747428,0.0844558960324408,38571.38487571429,0.5405746874651095,29909.8,1,4278.0,-0.008482848196321058,-0.013399820506516447,-0.23485053792048113,72.56843139685965
2023-10-20,29669.05,30379.99,29464.77,29909.8,27517.51897,28666.198571428573,27469.847666666665,0.008114516642764,0.0308476341507396,0.04338215356573,0.0888229291600367,41014.27962,-0.3290746728955958,29992.46,1,4224.16015625,-0.012585283719027562,-0.008482848196321058,-0.3114225779451642,73.94715025085691
2023-10-21,29909.8,30248.0,29640.0,29992.46,22852.54563,29071.671428571422,27583.591666666667,0.0027636426856749,0.0203277855418625,0.0316730523627075,0.087329756126151,42096.83018142857,-0.4571433162185778,33069.99,1,4224.16015625,0.0,-0.012585283719027562,-0.3563846557027881,74.42246308613369
2023-10-22,29992.46,34741.91,29883.6,33069.99,93513.64246,29724.41571428571,27800.05933333333,0.1026101226774995,0.1619843787405236,0.1125530714504973,0.1895654467308211,44256.03275428571,1.113014579937562,33922.73,1,4224.16015625,0.0,0.0,-0.22303711021807138,85.22812691891089
2023-10-23,33069.99,35280.0,32832.34,33922.73,115265.02418,30513.961428571427,28055.871,0.0257859164759349,0.0740145370470327,0.1117117677233743,0.2091134151564927,55232.686877142856,1.0868987314774383,34496.05,1,4217.0400390625,-0.0016855698941634634,0.0,-0.22396139787476252,86.8818552762495
2023-10-24,33922.73,35132.85,33679.05,34496.05,54887.02529,31396.254285714287,28328.912333333334,0.0169007624091575,0.0428562205930948,0.0987313864283537,0.2176976508699235,58479.05107428572,-0.0614241462249922,34151.66,0,4247.68017578125,0.007265792222727274,-0.0016855698941634634,-0.20494744536997983,87.86545257990402
2023-10-25,34496.05,34824.13,33751.0,34151.66,39744.66255,32173.10428571429,28593.24533333333,-0.0099834618746204,0.0311087791210877,0.061497196438214,0.1943960750823482,59028.93118285714,-0.3266918144446697,33892.02,0,4186.77001953125,-0.014339628627712542,0.007265792222727274,-0.13025264980423115,83.80073065114473
2023-10-26,34151.66,34245.0,33390.95,33892.02,32330.40106,32776.387142857144,28843.879666666668,-0.0076025587043208,0.0250075691781893,0.0340377007471971,0.1750159961722207,55158.688591428574,-0.413865668571678,34081.0,1,4137.22998046875,-0.011832519778109618,-0.014339628627712542,-0.1055228000103932,80.76716579200176
2023-10-27,33892.01,34493.33,33860.0,34081.0,16880.13144,33372.27285714286,29079.2,0.0055762405357486,0.0186867052145919,0.0212370055192524,0.1720061074582519,53639.061801428565,-0.6853015158525678,34525.89,1,4117.3701171875,-0.004800280229768528,-0.011832519778109618,-0.10831984062326588,81.29783785514063
2023-10-28,34081.01,34750.11,33930.0,34525.89,20685.52176,34019.90571428572,29333.16433333333,0.0130536037517666,0.024063547412474,0.0148731830700461,0.1770257585461315,53329.48696285714,-0.6121184932004498,34474.73,0,4117.3701171875,0.0,-0.004800280229768528,-0.09086260062506502,82.52057093822555
2023-10-29,34525.88,34856.0,34062.84,34474.73,33657.95976,34220.58285714286,29583.57,-0.0014814973579238,0.0229729119141931,0.0074267333177259,0.1653336632461871,44778.67514857143,-0.2483484683652194,34639.77,1,4117.3701171875,0.0,0.0,-0.09527713140972337,81.85780146578581
2023-10-30,34474.74,34720.49,34025.0,34639.77,32737.89822,34323.01714285714,29805.143333333333,0.0047869831650651,0.020173901238994,0.0092285843002812,0.1622077979158629,32989.085725714285,-0.0076142609044327,35421.43,1,4166.81982421875,0.012010022325859904,0.0,-0.10758072667917712,82.35027354555469
2023-10-31,34639.78,35582.0,34097.39,35421.43,53473.28165,34455.21428571428,30069.374,0.0225650971224413,0.0428585285472367,0.0280426557871192,0.1779902701000692,32787.12234857143,0.6309232960888344,34941.59,0,4193.7998046875,0.006474957307233353,0.012010022325859904,-0.0822809335489357,84.49675727876014
2023-11-01,35421.43,35984.99,34300.0,34941.59,48015.57732,34568.061428571425,30319.87833333333,-0.0135466015911837,0.0475697903783104,0.0108055978840583,0.1524317352416815,33968.681601428565,0.4135249016547255,34716.78,0,4237.85986328125,0.010505999486313922,0.006474957307233353,-0.1232681634200389,78.20881465844045
2023-11-02,34941.58,34946.5,34120.0,34716.78,39071.20644,34685.88428571429,30551.152,-0.006433595733221,0.0236537672309036,0.0008907287480756,0.1363492938007706,34931.65379857143,0.1185043418012422,35062.07,1,4317.77978515625,0.01885855702012762,0.010505999486313922,-0.1541583026171493,75.37859322130497
2023-11-03,34716.78,35255.0,34585.18,35062.07,18377.55545,34826.037142857145,30806.208,0.009945910882288,0.0192938400393123,0.0067774824960601,0.1381494924659341,35145.57151428571,-0.477101818004865,35011.88,0,4358.33984375,0.009393730253031363,0.01885855702012762,-0.12409445522872252,76.76913231232605
2023-11-04,35062.06,35380.0,34448.0,35011.88,24528.73376,34895.46428571428,31042.234333333334,-0.0014311766051395,0.0265814387403364,0.0033361273927332,0.1278788641320201,35694.6018,-0.312816713926754,35046.09,1,4358.33984375,0.0,0.009393730253031363,-0.11882012574280816,76.0963845828921
2023-11-05,35011.89,35276.33,34725.9,35046.09,22346.47086,34977.08714285714,31278.548333333336,0.0009768110204846,0.0157212307019129,0.0019728017047567,0.1204512954538755,34078.67481428571,-0.3442681975816616,35399.12,1,4358.33984375,0.0,0.0,-0.1075054442417099,76.2491640778256
2023-11-06,35046.09,35888.0,34523.06,35399.12,38688.73692,35085.56571428571,31527.950666666668,0.0100733063231877,0.0389469980816691,0.0089368456609101,0.1227853143473159,34928.79462857143,0.1076459216933005,35624.72,1,4365.97998046875,0.0017529924220356374,0.0,-0.10803069230135447,77.82431354769447
2023-11-07,35399.13,36106.0,35100.0,35624.72,33401.34137,35114.607142857145,31795.770666666667,0.0063727554886236,0.0284187775236284,0.0145270842720113,0.1204232277768766,32061.374588571427,0.0417938032484177,36701.09,1,4378.3798828125,0.0028401189192852616,0.0017529924220356374,-0.11227052181145152,78.79225594157185
2023-11-08,35624.72,37972.24,35534.05,36701.09,82537.88885,35365.96428571428,32106.13633333333,0.0302141322093196,0.0684409589745546,0.0377517124515398,0.1431176152421703,36993.13337857143,1.2311678225616525,37301.63,1,4382.77978515625,0.0010049156221052513,0.0028401189192852616,-0.09203020704006132,82.67729450457443
2023-11-09,36701.1,37526.0,36324.71,37301.63,43414.04898,35735.22857142857,32453.67333333333,0.0163627248229616,0.0327317164880616,0.0438335360144811,0.1493808302337013,37613.539455714286,0.1542133393512504,37130.0,0,4347.35009765625,-0.008083839306732843,0.0010049156221052513,-0.07391585299243786,84.39493218535927
2023-11-10,37301.63,37408.26,36666.93,37130.0,22984.97235,36030.64714285714,32799.35233333333,-0.0046011394140148,0.0198739304421817,0.0305116045455431,0.1320345482025119,38271.741870000005,-0.3994270648021593,37064.13,0,4415.240234375,0.015616441094852496,-0.008083839306732843,-0.10297461788879526,81.89566494502482
2023-11-11,37129.99,37222.22,36731.1,37064.13,17687.18874,36323.82571428571,33139.42333333333,-0.0017737683204331,0.0132270436916358,0.0203806804805567,0.1184301436747993,37294.37829571429,-0.5257411559523828,36462.93,0,4415.240234375,0.0,0.015616441094852496,-0.11167488268516422,80.90539644915911
2023-11-12,37064.13,37417.99,36333.0,36462.93,32798.18252,36526.23142857143,33459.77166666667,-0.0162205345167955,0.0292733162764105,-0.0017330402315174,0.0897542984827102,38787.47996142857,-0.1544131623757074,35551.19,0,4415.240234375,0.0,0.0,-0.11866725621268978,72.3110526135134
2023-11-13,36462.93,36744.0,34800.0,35551.19,45503.68416,36547.95571428572,33739.672999999995,-0.0250045731377044,0.0533144209749463,-0.0272728171741792,0.0536910064303233,39761.04385285715,0.1444288114868039,37858.2,1,4411.5498046875,-0.0008358389332403515,0.0,-0.10457423391577755,61.62056257161143
2023-11-14,35551.2,37980.0,35360.0,37858.2,53569.13385,36867.02428571428,34051.587,0.0648923243097279,0.0736965278246585,0.0268851564098106,0.1117895914807141,42642.15706428572,0.2562482186171112,36163.51,0,4495.7001953125,0.019075017703661823,-0.0008358389332403515,0.06966702843200456,72.642039569959
2023-11-15,37858.2,37929.54,35500.0,36163.51,47490.39566,36790.22714285715,34310.507000000005,-0.0447641462087472,0.064174736252648,-0.0170348810411958,0.0540068673424148,37635.37232285715,0.2618553432287314,36613.92,1,4502.8798828125,0.0015970120755575135,0.019075017703661823,0.0804745515720809,59.194368971689386
2023-11-16,36163.51,36800.0,35861.1,36613.92,38283.61112,36691.98285714286,34586.971,0.01245481978934,0.0259626347110665,-0.0021275180860841,0.0586044091574252,36902.45262857143,0.0374272817400548,36568.1,0,4508.240234375,0.0011904273935798848,0.0015970120755575135,0.07891149161551411,61.24769994386462
2023-11-17,36613.91,36845.49,36178.58,36568.1,17102.24186,36611.71142857143,34848.784,-0.001251163833636,0.0182146621325063,-0.0011911879251127,0.0493364703916211,36062.06255857143,-0.5257553049767243,37359.86,1,4514.02001953125,0.0012820490603360213,0.0011904273935798848,0.09490418579218819,60.91190605087215
2023-11-18,36568.11,37500.0,36384.02,37359.86,21246.34648,36653.95857142857,35105.14466666667,0.0216513787559707,0.0305178473812292,0.0192585318498633,0.0642274901511586,36570.51366428572,-0.4190306793325437,37448.78,1,4514.02001953125,0.0,0.0012820490603360213,0.13601810827027083,64.53066164413505
2023-11-19,37359.85,37750.0,36677.0,37448.78,36022.70291,36794.79428571429,35356.444,0.0023803628761892,0.0287206720583728,0.0177738652160266,0.0591783494969119,37031.15943428571,-0.027232647848234,35741.65,0,4514.02001953125,0.0,0.0,0.146402169575422,64.92341744959299
2023-11-20,37448.79,37649.44,35735.0,35741.65,47646.54804,36822.00285714286,35548.083666666666,-0.0455859855552075,0.0511215449150694,-0.0293398721773574,0.0054451974162208,37337.28284571428,0.2761118219792755,37408.34,1,4547.3798828125,0.007390278097329839,0.0,0.09258782989908174,52.82880092147485
2023-11-21,35741.65,37861.1,35632.01,37408.34,45051.30697,36757.73714285714,35692.69533333334,0.0466315908750713,0.0623667346079432,0.0176997526973523,0.0480671087079384,36120.45043428572,0.2472520809772921,37294.28,0,4538.18994140625,-0.0020209310950652926,0.007390278097329839,0.12426268802755812,60.55484700855787
2023-11-22,37408.35,37653.44,36870.0,37294.28,23827.92882,36919.27571428572,35805.08033333333,-0.0030493192027982,0.0209429178244964,0.0101574117709242,0.0415918538040612,32740.09802857143,-0.2722096067273228,37713.57,1,4556.6201171875,0.00406112922094648,-0.0020209310950652926,0.14292934588261078,59.83260702802405
2023-11-23,37294.27,38414.0,37251.51,37713.57,44680.80646,37076.36857142857,35912.331,0.0112430140072456,0.0311707401700046,0.0171861876748756,0.0501565604304549,33653.98307714285,0.3276528474380304,37780.67,1,4556.6201171875,0.0,0.00406112922094648,0.12714301035657122,61.64367768702999
2023-11-24,37713.57,37888.0,37591.1,37780.67,11396.14464,37249.59285714286,36033.298,0.0017792004310384,0.0078724978833879,0.0142572603382241,0.0484932575419547,32838.82633142857,-0.6529673586691721,37447.43,0,4559.33984375,0.0005968736678840791,0.0,0.09030738867398923,61.939431072172496
2023-11-25,37780.67,37814.63,37150.0,37447.43,21264.53723,37262.10285714285,36151.81166666666,-0.008820383545342,0.0175918002512924,0.0049736093415785,0.0358382685017124,32841.42501,-0.3525086921920992,37242.7,0,4559.33984375,0.0,0.0005968736678840791,0.06682176317746731,59.48625520482818
2023-11-26,37447.42,37569.23,36707.0,37242.7,30001.07376,37232.66285714286,36257.20166666667,-0.0054668652740295,0.0230250842381131,0.0002695789687578,0.0271807610083531,31981.192274285717,-0.0619150936370129,37818.87,1,4559.33984375,0.0,0.0,0.07989149314966705,57.96727061504406
2023-11-27,37242.7,38377.0,36868.41,37818.87,37544.46667,37529.40857142857,36366.96766666667,0.0154706828452288,0.0405069986869909,0.0077129227341942,0.0399236567272041,30538.037792857147,0.2294328445287883,37854.64,1,4550.43017578125,-0.001954157460090089,0.0,0.07133879120845621,60.98656053093343
2023-11-28,37818.88,38450.0,37570.0,37854.64,32994.19107,37593.16571428572,36479.63133333334,0.0009455594665945,0.0232688011913626,0.0069553675713698,0.0376925044582411,28815.592664285712,0.145011711346589,37723.96,0,4554.89013671875,0.0009801185306033133,-0.001954157460090089,0.06898414332186477,61.173028279019015
2023-11-29,37854.65,38145.85,37500.0,37723.96,24740.29147,37654.54857142857,36582.43766666667,-0.0034524160175831,0.0170613121505547,0.0018433743386874,0.0312041079310978,28945.93018571429,-0.1452929198934467,38682.52,1,4550.580078125,-0.0009462486392383118,0.0009801185306033133,0.07419089028378205,60.04392561162768
2023-11-30,37723.97,38999.0,37615.86,38682.52,43415.66324,37792.97,36691.140666666666,0.0254095738067863,0.0366647518805682,0.0235374462499243,0.0542741189603425,28765.195440000003,0.5093122982793123,39450.35,1,4567.7998046875,0.0037840728581564065,-0.0009462486392383118,0.06178273021671899,65.12833995557574
2023-12-01,38682.51,39717.14,38641.61,39450.35,26696.92161,38031.49571428571,36841.43266666667,0.0198497977509731,0.0278040385693689,0.0373073490554652,0.0708147632839974,30951.02072142857,-0.1374461653370705,39972.26,1,4594.6298828125,0.005873742123607695,0.0037840728581564065,0.11040973964909813,68.57761427760002
2023-12-02,39450.35,40250.0,39274.86,39972.26,26710.65335,38392.18571428571,37016.615333333335,0.0132295404223284,0.0247181583940319,0.0411561430097569,0.0798464322048677,31729.037310000003,-0.1581637637148973,41991.1,1,4594.6298828125,0.0,0.005873742123607695,0.17614988086876984,70.69915094998599
2023-12-03,39972.26,42420.0,39972.26,41991.1,79272.33059,39070.52857142856,37247.583,0.0505060259289816,0.0612359671432137,0.0747512648371792,0.1273510015401536,38767.78828571429,1.044798893498173,44073.32,1,4594.6298828125,0.0,0.0,0.13647949145979932,77.13115818723355
2023-12-04,41991.1,44488.0,41414.0,44073.32,67490.74644,39964.02142857143,37549.631,0.0495871744250567,0.0732059888881215,0.1028249516574105,0.1737351027497446,43045.82825285714,0.5678812367960498,43762.69,0,4569.77978515625,-0.005408509126972105,0.0,0.041638236743356316,81.61407931199054
2023-12-05,44073.82,44297.21,43335.28,43762.69,51431.10492,40808.02857142857,37840.18433333333,-0.0070592927955869,0.0218254283381835,0.0724039247178952,0.1565136579276531,45679.67308857143,0.1259079026304922,43273.14,0,4567.18017578125,-0.0005688697261614362,-0.005408509126972105,0.04700737733079873,79.12225705170798
2023-12-06,43762.69,44047.33,42821.1,43273.14,47103.26845,41600.76857142857,38102.651666666665,-0.0111864695703121,0.0280199868883746,0.0402004935485739,0.1356989108938219,48874.384085714286,-0.0362381167322366,44170.99,1,4549.33984375,-0.003906202808869552,-0.0005688697261614362,0.07134190565329111,75.2242025282211
2023-12-07,43273.15,44700.0,43081.1,44170.99,42900.37556,42384.83571428571,38387.52733333333,0.0207482006740899,0.0374111891554,0.0421413521041976,0.1506599426539431,48800.77156,-0.1209078424660874,43713.6,0,4585.58984375,0.007968189065892917,-0.003906202808869552,0.09153853984265808,77.42125512425099
2023-12-08,44171.0,44358.02,43584.51,43713.6,24925.97008,42993.87142857143,38621.27766666667,-0.010355210432184,0.0175117158316541,0.0167402596582701,0.1318527672047582,48547.77848428571,-0.4865682661860992,43789.51,1,4604.3701171875,0.00409549786994079,0.007968189065892917,0.08464267643381664,73.82947176231438
2023-12-09,43713.59,44049.0,43563.0,43789.51,18956.61758,43539.19285714285,38837.54033333333,0.0017367596667307,0.0111178239993558,0.0057492370995133,0.1275047189952066,47440.05908857143,-0.6004090647398297,41253.4,0,4604.3701171875,0.0,0.00409549786994079,0.11957793558079137,74.04468709319852
2023-12-10,43789.5,43804.5,40222.0,41253.4,76663.89804,43433.80714285715,38974.987,-0.0579157103871932,0.0818118498726863,-0.0502006912653459,0.0584583389341478,47067.42586714285,0.6288100873924795,41492.39,1,4604.3701171875,0.0,0.0,0.19212572801176137,57.13857031962931
2023-12-11,41253.41,42104.12,40680.0,41492.39,42722.69773,43065.10285714285,39122.59566666667,0.0057929756594665,0.0345212674540117,-0.0365194264683383,0.0605735456186116,43529.133194285714,-0.018526338686468,42869.03,1,4622.43994140625,0.003924494286698943,0.0,0.19043905412487697,58.109224848095266
2023-12-12,41492.38,43475.2,40555.0,42869.03,45865.99773,42937.43714285714,39336.132333333335,0.0331783811870999,0.0703791876966324,-0.0015931817874817,0.0898130410160557,42734.117881428574,0.0732875745150804,43022.26,1,4643.7001953125,0.00459935752021523,0.003924494286698943,0.20176877033207813,63.269264043183334
2023-12-13,42869.03,43420.0,41400.0,43022.26,42047.05709,42901.59714285714,39585.16799999999,0.003574375254117,0.0471202637428465,0.0028125493030263,0.0868277734731355,42011.801972857145,0.0008391717443025,41940.3,0,4707.08984375,0.013650676351045998,0.00459935752021523,0.15613356761166722,63.80371359878659
2023-12-14,43022.26,43080.81,41666.0,41940.3,33421.7932,42582.927142857145,39721.238,-0.0251488415531866,0.0328855341397685,-0.0150911923152031,0.0558658821258291,40657.71877857143,-0.1779717553259556,42278.03,1,4719.5498046875,0.0026470624846992585,0.013650676351045998,-0.15601299049466702,57.44747591380356
2023-12-15,41940.29,42724.43,41605.0,42278.03,24118.85747,42377.84571428572,39925.05533333333,0.0080528770783415,0.0266910410013855,-0.0023553749041111,0.0589347878674616,40542.41697714286,-0.4050957178108594,41374.65,0,4719.18994140625,-7.62494933082003e-05,0.0026470624846992585,-0.16870246420617485,58.8263255732191
2023-12-16,42278.02,42424.07,41252.0,41374.65,27722.11452,42032.86571428571,40083.746333333336,-0.0213673677244108,0.027722916068444,-0.0156595488577882,0.0322051650544739,41794.63082571429,-0.3367063191537063,42657.8,1,4719.18994140625,0.0,-7.62494933082003e-05,-0.14886178316072776,53.804139548453314
2023-12-17,41374.64,42757.81,40542.93,42657.8,46734.0925,42233.49428571429,40286.73633333333,0.0310132003565469,0.0535323086799062,0.010046663707607,0.0588546971650531,37518.94432,0.2456132054623864,42275.99,0,4719.18994140625,0.0,0.0,-0.1607009091045759,59.14007185961221
2023-12-18,42657.8,43497.0,41811.1,42275.99,40927.86444,42345.43714285714,40450.60733333333,-0.0089505319074121,0.0395214943105364,-0.0016400147818253,0.0451262116196326,37262.53956428571,0.098364870418744,43668.93,1,4740.56005859375,0.004528344366900416,0.0,-0.1653347438705012,57.029213058011884
2023-12-19,42275.99,44283.0,42206.0,43668.93,48710.2947,42459.70857142857,40657.945666666674,0.0329487257424368,0.0491295413779783,0.0284792682111134,0.0740564798334578,37668.86770285714,0.2931181017767991,43861.8,1,4768.3701171875,0.005866407818910568,0.004528344366900416,-0.1202921415073481,62.31399669951619
2023-12-20,43668.92,44242.35,43286.72,43861.8,34624.29384,42579.642857142855,40928.61733333333,0.0044168713125949,0.0218835272317244,0.0301119750383735,0.0716658137453818,36608.47295285714,-0.0541999966896266,43969.04,1,4698.35009765625,-0.014684266911006771,0.005866407818910568,-0.0019466526647724332,62.99266669700785
2023-12-21,43861.79,44398.26,43412.54,43969.04,32783.19638,42869.462857142855,41147.30733333333,0.0024451806458423,0.0224733190323514,0.0256494266448205,0.0685763625747824,36517.24483571428,-0.1022543861814661,43702.16,0,4746.75,0.010301467821202559,-0.014684266911006771,0.02846779997416304,63.38747390323317
2023-12-22,43969.04,43988.68,43291.1,43702.16,16557.1293,43072.91,41360.903333333335,-0.0060697254249807,0.0158652542789199,0.0146089502659561,0.0566055496370123,35436.99795428571,-0.5327728008631273,42991.5,0,4754.6298828125,0.0016600585268868873,0.010301467821202559,0.03477646825003993,61.62549143803389
2023-12-23,43702.15,43946.0,42500.0,42991.5,25144.33496,43303.88857142858,41536.83433333333,-0.0162612136931478,0.0330876169707897,-0.0072138688171918,0.0350211009099289,35068.74373142857,-0.2829986967150558,43576.13,1,4754.6298828125,0.0,0.0016600585268868873,0.046285349125093245,57.07581234974112
2023-12-24,42991.5,43802.32,42720.43,43576.13,27021.23992,43435.07857142857,41730.01633333333,0.0135987346335903,0.0251652070758173,0.0032474081597313,0.0442394666687924,32252.62193428571,-0.1622002088681218,42508.93,0,4754.6298828125,0.0,0.0,0.04158216161773371,59.71099555591108
2023-12-25,43576.12,43592.68,41637.6,42508.93,41010.04282,43468.35571428571,41898.733,-0.0244902483286718,0.0448658577220735,-0.0220718197990267,0.0145636146085849,32264.361702857143,0.2710631996283501,43428.85,1,4754.6298828125,0.0,0.0,0.0472480074318917,53.28073806141529
2023-12-26,42508.93,43677.0,42098.69,43428.85,36191.21136,43434.05857142858,42104.938,0.0216406293924593,0.0371289044443131,-0.0001199190589111,0.0314431528197477,30475.92122571429,0.1875346143585445,42563.76,0,4774.75,0.0042316894655107795,0.0,0.055801743071837946,57.52672567118197
2023-12-27,43428.86,43787.57,42241.79,42563.76,35150.52485,43248.624285714286,42263.101,-0.0199199334267581,0.0355933819123964,-0.0158355160892483,0.0071139834249266,30551.09708428572,0.1505486939806181,42066.95,0,4781.580078125,0.0014304577464787638,0.0042316894655107795,0.06782319306296425,52.67820111519795
2023-12-28,42563.76,43111.0,41300.0,42066.95,42597.18912,42976.897142857146,42403.51133333333,-0.0116721361082762,0.0425479327954109,-0.0211729371674377,-0.0079371099880768,31953.096047142863,0.3331161730667066,42140.28,1,4783.35009765625,0.0003701746080437829,0.0014304577464787638,0.07252419059620335,50.068343081366145
2023-12-29,42066.94,42612.32,41520.3,42140.28,22906.57818,42753.77142857143,42550.722,0.0017434118098439,0.0259591023259594,-0.0143494107787983,-0.0096459467832295,32860.16017285715,-0.3029072877459348,42283.58,1,4769.830078125,-0.0028264750133749628,0.0003701746080437829,0.06930849258408646,50.458492714799576
2023-12-30,42140.29,42899.0,41965.84,42283.58,23585.91603,42652.64,42670.757333333335,0.0034003088255918,0.0221441285762391,-0.0086526883212855,-0.0090735988187132,32637.528897142856,-0.2773375673038546,44179.55,1,4769.830078125,0.0,-0.0028264750133749628,0.056093963795454664,51.2599681623922
2023-12-31,42283.58,44184.1,42180.77,44179.55,27174.29903,42738.84285714286,42828.39733333334,0.0448393915557765,0.0473784386279497,0.0337095495933943,0.0315480557479338,32659.394484285716,-0.167948473659697,44946.91,1,4769.830078125,0.0,0.0,0.017736983383204303,60.390401694846204
2024-01-01,44179.55,45879.63,44148.34,44946.91,65146.40661,43087.125714285714,42994.219000000005,0.0173691221390892,0.0391875879224664,0.0431633406704051,0.0454175246211589,36107.44645428572,0.804237435967105,42845.23,0,4769.830078125,0.0,0.0,0.01621156894487847,63.38040397155652
2024-01-02,44946.91,45500.0,40750.0,42845.23,81194.55173,43003.75142857143,43022.69,-0.0467591654242749,0.1056802347480616,-0.003686223255074,-0.0041248001926423,42536.49507857143,0.9088209214233854,44151.1,1,4742.830078125,-0.005660579005492328,0.0,0.12316287483281568,51.83853981580693
2024-01-03,42845.23,44729.58,42613.77,44151.1,48038.06334,43230.514285714286,43025.28266666667,0.0304787720826798,0.0493826267241418,0.0212948129231468,0.0261664134098888,44377.57200571429,0.0824851646641318,44145.11,0,4704.81005859375,-0.008016314922730805,-0.005660579005492328,0.1381266145020712,57.06975257752378
2024-01-04,44151.1,44357.46,42450.0,44145.11,48075.25327,43527.39428571429,43038.03,-0.0001356704589466,0.0432030006047414,0.0141914241461599,0.0257232963497632,45160.15259857143,0.0645502839049481,43968.32,0,4688.68017578125,-0.0034283812973570083,-0.008016314922730805,0.13451356978081244,57.03914793378141
2024-01-05,44145.12,44214.42,43397.05,43968.32,17835.06144,43788.542857142864,43061.20266666667,-0.0040049726900731,0.0185155233466348,0.0041055749090269,0.021065768653868,44435.65020714286,-0.5986316987180468,43929.02,0,4697.240234375,0.0018256861788026324,-0.0034283812973570083,0.11952281153111058,56.08320986391676
2024-01-06,43968.32,44480.59,43572.09,43929.02,23023.8508,44023.60571428571,43053.137,-0.00089382537245,0.0206626043478577,-0.0021485226562216,0.0203442318268235,44355.35517428571,-0.4809228624247901,46951.04,1,4697.240234375,0.0,0.0018256861788026324,0.0833459071814766,55.85909525682682
2024-01-07,43929.01,47248.99,43175.0,46951.04,72814.57589,44419.53285714286,43161.051666666666,0.0687934920454615,0.0927403098772314,0.0569908546989606,0.0878103796590375,50875.39472571428,0.4312336303741119,46110.0,0,4697.240234375,0.0,0.0,0.07119594909164671,66.83436277008894
2024-01-08,46951.04,47972.0,44748.67,46110.0,69927.66617,44585.688571428575,43238.401333333335,-0.0179131282288954,0.0686530053434386,0.0341883567891836,0.0664131553923316,51558.43180571428,0.3562799278594395,46653.99,1,4763.5400390625,0.014114629309846638,0.0,0.0008145094175090267,62.199222905254295
2024-01-09,46110.0,47695.93,44300.36,46653.99,89911.41203,45129.79714285715,43418.421,0.011797657774886,0.0736406419431793,0.0337735366351871,0.0745206510388757,52803.697562857145,0.702748409294067,46339.16,0,4756.5,-0.0014779006799081618,0.014114629309846638,-0.02246192891854239,63.9411648360985
2024-01-10,46654.0,48969.48,45606.06,46339.16,87470.3296,45442.377142857134,43579.98,-0.0067484031379945,0.072092853774596,0.0197345058407409,0.0633130166649917,58436.878457142855,0.4968343948102917,42782.73,0,4783.4501953125,0.00566597189372442,-0.0014779006799081618,-0.03596405621182399,62.155969807067365
2024-01-11,46339.16,46515.53,41500.0,42782.73,86327.93707,45247.75142857143,43577.10333333334,-0.0767478305605885,0.1082352377557124,-0.0544783188279031,-0.0182291449538753,63901.54757142857,0.350952212440605,42847.99,1,4780.240234375,-0.0006710555783868699,0.00566597189372442,-0.0253608757364902,46.39726975071109
2024-01-12,42782.74,43257.0,42436.12,42847.99,36118.47464,45087.70428571429,43571.29433333334,0.0015251477581847,0.0191871768848838,-0.0496746135381287,-0.0166004784663922,66513.46374285713,-0.4569749851002346,41732.35,0,4783.830078125,0.0007509755941104146,-0.0006710555783868699,-0.03851969062751096,46.66449129644643
2024-01-13,42847.99,43079.0,41720.0,41732.35,28228.40894,44773.89428571429,43564.36266666667,-0.0260371606696136,0.0317167736456249,-0.0679311981733234,-0.042053012015448,67256.97204857144,-0.5802902200293214,42511.1,1,4783.830078125,0.0,0.0007509755941104146,-0.021926240795006748,42.74167650043868
2024-01-14,41732.35,43400.43,41718.05,42511.1,40269.89303,44139.61714285713,43572.13166666667,0.0186605834562395,0.0403135696887426,-0.0368946821080587,-0.0243511535029711,62607.731640000005,-0.3567904158937518,43137.95,1,4783.830078125,0.0,0.0,-0.022856164698682055,46.1449464352067
2024-01-15,42511.1,43578.01,42050.0,43137.95,45045.74589,43715.038571428566,43630.90833333333,0.014745560571239,0.0359437887986902,-0.0132011451959633,-0.0112983742984952,59053.1716,-0.2372002270238776,42776.1,0,4783.830078125,0.0,0.0,-0.027176966966155576,48.78380048995998
2024-01-16,43137.94,43198.0,42200.69,42776.1,33266.21388,43161.05428571429,43634.85166666667,-0.0083879758746014,0.0231190919176946,-0.0089190195208392,-0.0196804076069011,50961.00043571428,-0.3472221189620424,41327.5,0,4765.97998046875,-0.0037313402367431525,0.0,-0.014617253885651556,47.34174232809059
2024-01-17,42776.09,42930.0,40683.28,41327.5,43907.51641,42445.10285714286,43603.23533333334,-0.0338644789647673,0.0525227995359089,-0.026330548918785,-0.0521918916322616,44737.74140857143,-0.018557597510105,41659.03,1,4739.2099609375,-0.005616897183990499,-0.0037313402367431525,0.04243533824498737,41.99041080723055
2024-01-18,41327.51,42196.86,40280.0,41659.03,48342.74559,42284.57428571429,43536.23866666666,0.0080217753259268,0.046382179811946,-0.0147936758565316,-0.0431183015381607,39311.28548285714,0.2297421719033149,41696.04,1,4780.93994140625,0.008805260963896,-0.005616897183990499,0.013804616993906426,43.56273682503688
2024-01-19,41659.03,41872.56,41456.3,41696.04,15923.99493,42120.01,43464.04666666667,0.00088840282647,0.0099920713468363,-0.0100657620926491,-0.040677451877084,36426.35981,-0.5628441872023555,41580.33,0,4839.81005859375,0.012313502764936146,0.008805260963896,0.04325675538023865,43.746042885385165
2024-01-20,41696.05,41881.39,41500.98,41580.33,11730.16301,42098.29285714286,43384.423,-0.0027753228423316,0.009123406173966,-0.0123036546612595,-0.0415838883001855,34069.467534285715,-0.6556986692499558,39568.02,0,4839.81005859375,0.0,0.012313502764936146,0.036532850267909166,43.27282341771145
2024-01-21,41580.32,41689.65,39431.58,39568.02,55426.19911,41677.85285714285,43246.618333333325,-0.0483954909437927,0.0543062198655517,-0.0506223980485422,-0.0850609475399828,36234.65411714285,0.5296461484305297,39897.6,1,4839.81005859375,0.0,0.0,0.043437772116009986,35.98282044844507
2024-01-22,39568.02,40176.74,38555.0,39897.6,57956.63351,41214.94571428571,43143.48833333333,0.0083294539378013,0.0409861297077791,-0.0319628157081158,-0.0752347215935598,38079.06663428572,0.522007723209709,40084.88,1,4850.43017578125,0.0021943252026270788,0.0,0.04552911288887543,37.83014405968284
2024-01-23,39897.59,40555.0,39484.19,40084.88,39293.82861,40830.485714285714,43027.113333333335,0.0046942685009295,0.0268389644587554,-0.0182610052572763,-0.0683809139260563,38940.15445285715,0.0090825052471485,39961.09,0,4864.60009765625,0.002921374261968035,0.0021943252026270788,0.05252249444957766,38.90894008982925
2024-01-24,40084.89,40300.24,39550.0,39961.09,31022.11853,40635.28428571428,42942.185333333335,-0.0030884455464391,0.018716279376094,-0.0165913515203658,-0.069421137051898,37099.38332714285,-0.1638103993145506,41823.51,1,4868.5498046875,0.0008119284117831249,0.002921374261968035,0.04848115418152776,38.43419971672853
2024-01-25,39961.09,42246.82,39822.52,41823.51,47384.96726,40658.78142857143,42888.674,0.0466058358268006,0.0606665133508621,0.0286464210314504,-0.024835554486949,36962.557851428566,0.2819720824101088,42120.63,1,4894.16015625,0.005260365527706368,0.0008119284117831249,0.08022480928259718,48.59619093548611
2024-01-26,41823.51,42200.0,41394.34,42120.63,16224.41667,40719.43714285714,42873.903000000006,0.0071041383183763,0.019263328209421,0.0344109092723215,-0.0175694990959887,37005.475242857145,-0.5615671312549442,42031.06,0,4890.97021484375,-0.0006517852510764532,0.005260365527706368,0.08102132342370423,50.013710714359746
2024-01-27,42120.63,42842.68,41620.81,42031.06,27294.99838,40783.82714285714,42872.706666666665,-0.002126511403082,0.0290088253665722,0.0305815551045286,-0.0196312930091032,39229.02315285714,-0.3042141713892755,43302.7,1,4890.97021484375,0.0,-0.0006517852510764532,0.08050413592530721,49.56993093427113
2024-01-28,42031.05,43333.0,41804.88,43302.7,31542.74207,41317.35285714285,42911.454000000005,0.0302550138528538,0.036356931363837,0.0480511699217903,0.0091175190661214,35817.10071857143,-0.1193384881193118,42941.1,0,4890.97021484375,0.0,0.0,0.07475033757536724,55.59420073491348
2024-01-29,43302.71,43882.36,42683.99,42941.1,37619.24546,41752.13857142856,42933.37133333333,-0.0083507475629123,0.0276742494869259,0.028476659382067,0.00018001536862,32911.759568571426,0.1430335525398014,42580.0,0,4927.93017578125,0.007556774896180896,0.0,0.05763729416715551,53.63224261418036
2024-01-30,42941.1,43745.11,42276.84,42580.0,39871.13688,42108.58428571428,42880.05299999999,-0.008409193057467,0.0341926499321164,0.011195240169726,-0.0069974960152216,32994.23217857142,0.2084274810278773,43082.94,1,4924.97021484375,-0.0006006499345398986,0.007556774896180896,0.07591301271680677,51.671176036116734
2024-01-31,42580.0,43285.13,41884.28,43082.94,35231.04664,42554.56285714286,42817.920666666665,0.0118116486613434,0.0328992484734616,0.0124164627100252,0.0061894489318266,33595.50762285715,0.0486832654979766,43200.0,1,4845.64990234375,-0.016105744611597972,-0.0006006499345398986,0.02117034319385725,54.183971797416014
2024-02-01,43082.95,43488.0,42546.79,43200.0,29672.14418,42751.20428571429,42829.74633333333,0.0027168520261496,0.0218464613031373,0.0104978496345114,0.0086447784160353,31065.104325714285,-0.0448400279332477,43011.09,0,4906.18994140625,0.012493688211609788,-0.016105744611597972,-0.03632936330077235,54.773387965883884
2024-02-02,43199.99,43380.01,42880.0,43011.09,12033.40998,42878.41285714286,42791.746,-0.004372686197381,0.0115743082347936,0.0030942643166195,0.0051258483353307,30466.389084285714,-0.6050267083929968,42582.88,0,4958.60986328125,0.01068444607751462,0.012493688211609788,0.017174775717889137,53.575538444705934
2024-02-03,43011.1,43119.04,42222.0,42582.88,17066.89404,42957.24428571428,42739.67166666666,-0.0099560346050205,0.0208560115877064,-0.0087148114814893,-0.0036685276360919,29005.23132142857,-0.4115925554645975,42708.7,1,4958.60986328125,0.0,0.01068444607751462,0.02175139767348762,50.86035850386068
2024-02-04,42582.88,43569.76,42258.1,42708.7,29467.75905,42872.38714285714,42697.68433333333,0.0029547085589325,0.0308025196980571,-0.0038180086010073,0.0002579921332657,28708.80517571429,0.0264362751999076,43098.95,1,4958.60986328125,0.0,0.0,0.020170409999043862,51.63594868858395
2024-02-05,42708.7,43399.98,42574.0,43098.95,24675.85433,42894.93714285714,42670.01533333333,0.0091374825269792,0.0193398534724775,0.0047561057488769,0.0100523672962355,26859.7493,-0.0813073474963521,44349.6,1,4942.81005859375,-0.0031863375266721894,0.0,0.009343343437058447,54.05802539133648
2024-02-06,43098.96,44396.5,42788.0,44349.6,34392.59915,43147.73714285714,42583.30066666666,0.0290178695727228,0.0373210861700607,0.0278545976388895,0.0414786854396178,26077.101052857142,0.3188812314792086,45288.65,1,4954.22998046875,0.0023104108269635937,-0.0031863375266721894,0.044532586485591136,60.828418477461355
2024-02-07,44349.6,45614.3,44331.1,45288.65,45439.62231,43462.83857142857,42555.92233333333,0.0211738099103487,0.0289337446109999,0.0420085638348452,0.0642149791810803,27535.469005714283,0.6502214761829612,47132.77,1,4995.06005859375,0.008241457963390042,0.0023104108269635937,0.1381566637373967,64.99922033696106
2024-02-08,45288.66,48200.0,45242.12,47132.77,73503.481,44024.66285714286,42571.88166666667,0.0407190232610104,0.0653117137932541,0.0705992264595583,0.1071338206059248,33797.08855142857,1.1748465370959618,47751.09,1,4997.91015625,0.0005705832608251526,0.008241457963390042,0.13096100248679304,71.43217841756598
2024-02-09,47132.78,48170.0,46800.0,47751.09,24802.35936,44701.805714285714,42618.946,0.0131184708391908,0.0290668193134374,0.0682138950986447,0.1204193083517363,35621.22417714285,-0.3037196241022232,48299.99,1,5026.60986328125,0.0057423415255595245,0.0005705832608251526,0.15037618752013135,73.21010112518772
2024-02-10,47751.08,48592.66,47557.16,48299.99,29958.80837,45518.53571428572,42802.854666666666,0.0114952373852067,0.0216853733988843,0.0611059701738458,0.1284291754870804,37462.92622428572,-0.2003078405931114,49917.27,1,5026.60986328125,0.0,0.0057423415255595245,0.12560747262265295,74.71452915665476
2024-02-11,48300.0,50334.82,47710.01,49917.27,59009.96705,46548.33142857143,43038.49733333333,0.0334838509316769,0.0543438923395444,0.0723750662598554,0.1598283651353006,41683.24165285715,0.4156760537350195,49699.59,0,5026.60986328125,0.0,0.0,0.10601280053605856,78.53866824109242
2024-02-12,49917.28,50368.61,48300.95,49699.59,55551.56706,47491.27999999999,43304.072,-0.0043610148629893,0.0414217281069802,0.0464992731297199,0.1476886053579441,46094.05775714286,0.2051784929130389,51795.17,1,5021.83984375,-0.0009489536011326738,0.0,0.10188061857944582,76.85387580295061
2024-02-13,49699.6,52043.71,49225.01,51795.17,57046.37401,48554.93285714286,43613.541,0.0421647256718363,0.056714742170963,0.0667334285558685,0.1875937796474723,49330.31130857142,0.1564162580114889,51880.0,1,4953.169921875,-0.013674255653625456,-0.0009489536011326738,-0.05013845208249328,81.06500420985225
2024-02-14,51795.17,52816.62,51314.0,51880.0,53816.03055,49496.55428571429,43904.94266666666,0.0016377975011956,0.0290108131704172,0.0481537704731423,0.1816437250329933,50526.94105714285,0.0650957573136555,52124.11,1,5000.6201171875,0.009579763275017639,-0.013674255653625456,-0.05653227801146722,81.21400355047
2024-02-15,51880.01,52572.08,51566.0,52124.11,37772.25318,50209.60285714285,44216.543,0.0047050877592351,0.0193924403638318,0.0381302984670946,0.1788372962580996,45422.47994,-0.1684238018290816,51642.64,0,5029.72998046875,0.005821250684729495,0.009579763275017639,-0.08036205755656592,81.66121255306585
2024-02-16,52124.1,52162.82,50625.0,51642.64,25674.00622,50765.53857142857,44560.381,-0.0092368021702053,0.0295030513716303,0.0172774967675624,0.1589362308190317,45547.00092,-0.436318402937341,52137.67,1,5005.56982421875,-0.0048034698371121065,0.005821250684729495,-0.1406598548798619,77.73080305507553
2024-02-17,51642.64,52377.0,51163.28,52137.67,21992.10363,51313.77857142857,44909.669,0.0095856834584753,0.0235022841589818,0.0160559493280069,0.1609453189245281,44408.90024285715,-0.5047816201317151,51774.73,0,5005.56982421875,0.0,-0.0048034698371121065,-0.14515140609482483,78.85754475334045
2024-02-18,52137.68,52488.77,51677.0,51774.73,29534.99432,51579.13,45245.62533333334,-0.0069613761103293,0.0155697376638162,0.0037922314703641,0.1443035568315274,40198.18985285715,-0.2652655647403298,52258.82,1,5005.56982421875,0.0,0.0,-0.12447498254825536,75.82826803825692
2024-02-19,51774.74,52985.0,50760.37,52258.82,49614.47318,51944.73428571429,45601.57499999999,0.0093497330937828,0.042967477963192,0.0060465361620319,0.1459871725921749,39350.03358428571,0.2608495764998116,51849.39,0,5005.56982421875,0.0,0.0,-0.12921053422332038,77.0922864479413
2024-02-20,52258.82,52366.8,50625.0,51849.39,43079.40049,51952.48,46010.954000000005,-0.0078346583409269,0.0333302588921832,-0.0019843133571293,0.126892304819413,37354.75165285714,0.1532508873393887,51288.42,0,4975.509765625,-0.006005322001165325,0.0,-0.1292866712517749,73.58729700924317
2024-02-21,51849.38,52065.78,50940.78,51288.42,35309.44574,51867.968571428566,46390.648,-0.0108190300443322,0.0216974629204823,-0.0111735351776975,0.1055767102024528,34710.95382285714,0.0172421628111168,50744.15,0,4981.7998046875,0.001264199922982101,-0.006005322001165325,-0.12828580300660028,68.96109498486902
2024-02-22,51288.42,51548.54,50521.0,50744.15,30545.79544,51670.83142857143,46745.957,-0.0106119471022893,0.0200345419102401,-0.0179343239299807,0.0855302416848584,33678.60271714286,-0.0930207022973733,51568.22,1,5087.02978515625,0.02112288421741404,0.001264199922982101,-0.21184135965846965,64.71044289886173
2024-02-23,50744.15,51698.0,50585.0,51568.22,16560.4211,51660.2,47132.86133333333,0.0162397044782501,0.0219335627850698,-0.0017804809118045,0.0941033186018326,32376.661985714287,-0.4885074592523764,51728.85,1,5088.7998046875,0.0003479475462115911,0.02112288421741404,-0.2174736031631137,67.9332933959343
2024-02-24,51568.21,51958.55,51279.8,51728.85,18721.63159,51601.79714285714,47463.03933333333,0.0031150974602376,0.013162178791934,0.0024621789196821,0.0898764749705099,31909.45169428571,-0.4132888346259915,54476.47,1,5088.7998046875,0.0,0.0003479475462115911,-0.2846263430340471,68.53647565368617
2024-02-25,51728.85,54910.0,50901.44,54476.47,51256.72199,51987.76,47874.90066666666,0.053115814482634,0.0774917671666777,0.0478710758070745,0.1378920737464786,35012.55564714286,0.4639526033622375,57037.34,1,5088.7998046875,0.0,0.0,-0.26766084583878325,76.63318311846731
2024-02-26,54476.48,57588.15,54450.13,57037.34,67194.98562,52670.40571428571,48375.11,0.0470085438706758,0.0576032078430912,0.0829105875774533,0.1790637788730608,37524.05742428572,0.7907174818603477,62432.1,1,5069.52978515625,-0.003786751350190576,0.0,-0.30090728997519867,81.42978399780627
2024-02-27,57037.35,64000.0,56691.85,62432.1,118763.46984,54182.22142857143,49012.75666666667,0.0945827602439454,0.1281291995508206,0.1522617263359053,0.2737928703867366,48336.067331428574,1.45703625463917,61130.98,0,5078.18017578125,0.0017063496993998672,-0.003786751350190576,-0.2229584477620638,87.33011133279318
2024-02-28,62432.11,63676.35,60364.7,61130.98,78425.07603,55588.30142857142,49619.086,-0.0208407180215436,0.0530440185346931,0.0997094429760672,0.2320053618077527,54495.443087142856,0.4391125493665886,62387.9,1,5069.759765625,-0.001658155060430544,0.0017063496993998672,-0.17654513374746422,80.67255472107095
2024-02-29,61130.99,63114.23,60777.0,62387.9,47737.93473,57251.694285714286,50279.34933333333,0.0205609298982398,0.0382331449237122,0.0897127286513741,0.2408255243398536,56951.46298571428,-0.1617786053718304,61987.28,0,5096.27001953125,0.005229094697149161,-0.001658155060430544,-0.17799371828569513,82.09277016037136
2024-03-01,62387.9,62433.19,61561.12,61987.28,25534.73659,58740.13142857143,50909.494,-0.0064214374902826,0.0139781912838867,0.0552798996607138,0.2175976449500755,58233.50805571429,-0.5615112768825482,63113.97,1,5137.080078125,0.00800782894888763,0.005229094697149161,-0.22566112690936624,80.07311975966113
2024-03-02,61987.28,63231.88,61320.0,63113.97,28994.90903,60366.57714285714,51573.293,0.0181761483968969,0.030843102004153,0.0455118210635195,0.2237723505458533,59701.11911857144,-0.5143322360102885,68245.71,1,5137.080078125,0.0,0.00800782894888763,-0.21497189032703676,81.4549532619583
2024-03-03,63113.97,68499.0,62300.0,68245.71,84835.16005,62333.61142857144,52414.447,0.0813090984452412,0.0982191422913183,0.0948460779976352,0.3020400654041052,64498.03884142858,0.3153137920762395,63724.01,0,5137.080078125,0.0,0.0,-0.18345219036283164,86.16188767602814
2024-03-04,68245.71,69000.0,59005.0,63724.01,132696.7813,63288.85,53119.151333333335,-0.0662561793261437,0.1464560922583998,0.0068757766968431,0.1996428482096607,73855.43822428572,0.7967096870649345,66074.04,1,5130.9501953125,-0.0011932620709189656,0.0,-0.1310551457064612,69.43824951443442
2024-03-05,63724.01,67641.1,62779.14,66074.04,78738.85491,63809.12714285714,53897.996,0.0368782504428078,0.0762971445142891,0.0354951236375968,0.2259090300871296,68137.63609142858,0.1555853626085071,66823.17,1,5078.64990234375,-0.010193100883444606,-0.0011932620709189656,-0.16931449998184558,72.43300475452608
2024-03-06,66074.04,67980.0,65551.0,66823.17,53059.8869,64622.29714285715,54688.80333333333,0.0113377356674422,0.0367617902583223,0.0340574840952728,0.2218802739695469,64514.03764428572,-0.1775450919293107,68124.19,1,5104.759765625,0.005141103203274655,-0.010193100883444606,-0.17661288124631633,73.33016876097992
2024-03-07,66823.18,69990.0,66082.66,68124.19,74261.932842,65441.76714285714,55481.28966666667,0.0194694415919746,0.058472823352615,0.0409894624527363,0.2278768285541355,68303.18023171429,0.0872397535527776,68313.27,1,5157.35986328125,0.010304127925951478,0.005141103203274655,-0.16680720590250456,74.8603839806824
2024-03-08,68124.2,68541.1,67861.1,68313.27,19872.89743,66345.48,56248.777,0.0027753720410662,0.0099817685932458,0.029659744718103,0.2144845389260641,67494.346066,-0.7055620420328675,68955.88,1,5123.68994140625,-0.0065285190034379825,0.010304127925951478,-0.1586467575663688,75.08412963877133
2024-03-09,68313.28,69887.61,68094.75,68955.88,38404.66835,67180.03857142858,56976.214,0.0094066629504542,0.0262446774624202,0.0264340638429862,0.210257318957697,68838.59739742857,-0.4421055947976856,72078.1,1,5123.68994140625,0.0,-0.0065285190034379825,-0.158675158265181,75.87015590964613
2024-03-10,68955.88,72800.0,67024.96,72078.1,75292.825726,67727.52285714286,57787.11433333334,0.0452785172199963,0.0837497831947035,0.0642364722541792,0.2473040197894636,67475.40677971429,0.1158558253943853,71452.01,0,5123.68994140625,0.0,0.0,-0.1609701794035292,79.28888835627593
2024-03-11,72078.1,73000.0,68620.82,71452.01,68783.546691,68831.52285714286,58558.84833333334,-0.0086862722519046,0.0607560410166193,0.0380710324874818,0.2201744404752492,58344.94469271429,0.1789118500885168,73072.41,1,5117.93994140625,-0.001122238087346461,0.0,-0.15282513840460246,76.93496505435078
2024-03-12,71452.0,73650.25,71333.31,73072.41,52659.711647,69831.29,59330.68633333334,0.0226783015171024,0.0324265241000952,0.0464135776383339,0.2316124170460885,54619.352798,-0.0358781466753622,71388.94,0,5175.27001953125,0.011201787981366396,-0.001122238087346461,-0.12876832781685063,78.69766105918534
2024-03-13,73072.4,73777.0,68555.0,71388.94,71757.628746,70483.54285714285,60053.66466666666,-0.0230382469988667,0.0714633705749366,0.0128455112520695,0.188752433281979,57290.458776,0.2525231998327191,69499.85,0,5165.31005859375,-0.0019245297153407392,0.011201787981366396,-0.11486779643562232,72.49866785545987
2024-03-14,71388.94,72419.71,65600.0,69499.85,103334.03546,70680.06571428572,60643.820666666674,-0.0264619421439791,0.0955289432788889,-0.0166979996744283,0.1460334991426606,61443.61629285714,0.681770079538965,65300.63,0,5150.47998046875,-0.0028710915621273925,-0.0019245297153407392,-0.01831539251618541,66.19734333472135
2024-03-15,69499.84,70043.0,64780.0,65300.63,55926.95336,70249.68857142857,61091.175,-0.0604204268671697,0.075726793040099,-0.070449544646685,0.0689044694262304,66594.19571142856,-0.1601827642404862,68393.48,1,5117.08984375,-0.006482917484461503,-0.0028710915621273925,0.07893877335747752,54.79610179967521
2024-03-16,65300.64,68904.4,64533.0,68393.48,49742.21589,70169.34571428572,61633.48733333333,0.0473630886312905,0.0669426823381822,-0.0253082837841564,0.1096805155630168,68213.84536,-0.2707900334970942,67609.99,0,5117.08984375,0.0,-0.006482917484461503,0.07752818032809328,60.22923600190906
2024-03-17,68393.47,68956.0,66565.2,67609.99,55691.08088,69531.04428571429,62165.73233333333,-0.0114554795947624,0.0349565536008043,-0.0276287276489098,0.0875765065788094,65413.59609628571,-0.1486314129859889,61937.4,0,5117.08984375,0.0,0.0,0.06395617264934048,58.31705324006304
2024-03-18,67610.0,68124.11,61555.0,61937.4,101005.32487,68171.81428571428,62492.39,-0.0839017896760834,0.0971618103830794,-0.0914514943021067,-0.0088809213409824,70016.70726471428,0.4425889022190963,67840.51,1,5149.419921875,0.006318059504952345,0.0,-0.0158121014578728,46.745439841439094
2024-03-19,61937.41,68100.0,60775.0,67840.51,90420.58592,67424.40000000001,63027.916,0.0953075047858796,0.1182645512623146,0.0061715046778315,0.0763565465182126,75411.11787514285,0.1990352148035799,65501.27,0,5178.509765625,0.0056491496501236416,0.006318059504952345,0.03657072854794976,56.43346995450921
2024-03-20,67840.51,68240.47,64529.01,65501.27,53357.48002,66583.30428571429,63469.331000000006,-0.034481462477213,0.0547086099441174,-0.0162508349100728,0.032014501618112,72782.5252,-0.2668916079322843,63796.64,0,5224.6201171875,0.008904173912846591,0.0056491496501236416,-0.007247806440107177,52.36789142316116
2024-03-21,65501.28,66649.62,62260.0,63796.64,51482.37821,65768.56,63867.57266666667,-0.0260245295969788,0.0670157896151036,-0.0299827151453521,-0.0011106209881636,65375.145592857145,-0.2125083968359843,63990.01,1,5241.52978515625,0.0032365354015160275,0.008904173912846591,-0.03034055171432747,49.56564458896145
2024-03-22,63796.64,65999.0,63000.0,63990.01,26410.11409,65581.32857142857,64290.959,0.0030310373712471,0.0470087452881531,-0.0242648114347877,-0.0046810469882709,61158.45426857143,-0.5681690388376637,67209.99,1,5234.18017578125,-0.0014021878490156903,0.0032365354015160275,-0.02936423891169229,49.89319763422704
2024-03-23,63990.02,67628.69,63772.29,67209.99,31395.78015,65412.258571428574,64839.82033333333,0.0503198780059766,0.0602656476744342,0.0274830967135671,0.036554229399186,58537.53487714285,-0.4636641222440833,69880.01,1,5234.18017578125,0.0,-0.0014021878490156903,0.01811860413088567,55.12022310622327
2024-03-24,67210.0,71150.0,66385.06,69880.01,53431.14486,65736.54714285715,65450.21333333333,0.0397263800029756,0.0708962951941675,0.0630313430995754,0.067681928615053,58214.68687428571,-0.0821707076191227,69988.0,1,5234.18017578125,0.0,0.0,0.014126387332500044,58.94470918491827
2024-03-25,69880.0,71561.1,69280.0,69988.0,38934.38417,66886.63285714286,66058.85166666667,0.0015455065827132,0.0326431024613624,0.0463675178489111,0.0594795131038582,49347.40963142858,-0.2110146315521431,69469.99,0,5218.18994140625,-0.0030549644525015296,0.0,0.01875669209746638,59.096531720177225
2024-03-26,69987.99,71769.54,68359.18,69469.99,49119.35685,67119.41571428571,66558.63566666667,-0.0074012698464407,0.0487277888677757,0.0350207799144174,0.0437411960773014,43447.23405000001,0.1305519884987935,70780.6,1,5203.580078125,-0.002799795225030266,-0.0030549644525015296,0.03417833194462563,57.988760148723934
2024-03-27,69469.99,71552.06,68903.62,70780.6,35439.03239,67873.60571428572,67016.74433333334,0.0188658440860578,0.038123512037356,0.0428295248958968,0.0561629142702859,40887.45581714286,-0.1332541562749546,69850.54,0,5248.490234375,0.008630626525532925,-0.002799795225030266,0.07442467516954963,60.030216215285
2024-03-28,70780.6,70916.16,69009.0,69850.54,25445.08353,68738.44857142857,67264.02566666667,-0.0131400411977294,0.0269446712799835,0.0161785936645894,0.0384531598829818,37167.84229142857,-0.3154005731490096,69582.18,0,5254.35009765625,0.0011164855071790214,0.008630626525532925,0.07225976290152544,57.880748861717485
2024-03-29,69850.53,70321.1,69540.0,69582.18,13644.61142,69537.33,67545.73233333333,-0.0038417747152384,0.0111824491524975,0.0006449773093098,0.030149168516183,35344.19905285714,-0.6139504703559833,71280.01,1,5254.35009765625,0.0,0.0011164855071790214,0.06244977620011274,57.24383432407244
2024-03-30,69582.17,71366.0,69562.99,71280.01,19396.34433,70118.76142857142,67842.136,0.0244005037497392,0.0259119541687187,0.0165611677640871,0.050674613193193,33629.99393571429,-0.4232427050960147,69649.8,0,5254.35009765625,0.0,0.0,0.048508440522574435,60.22584430782542
2024-03-31,71280.0,71288.23,68062.86,69649.8,41445.32039,70085.87428571428,68097.55333333333,-0.0228703703703703,0.0452492985409651,-0.0062219996562582,0.0227944557577351,31917.73329714286,0.2985045023140791,65463.99,0,5254.35009765625,0.0,0.0,0.06840715487513496,56.17463541419957
2024-04-01,69649.81,69674.23,64550.0,65463.99,71799.82793,69439.58714285714,68175.88733333333,-0.0600980821053208,0.0735713421185211,-0.0572526033986665,-0.0397779543385187,36612.79669142857,0.9610582752016064,65963.28,1,5243.77001953125,-0.0020135845401164643,0.0,0.0964873497043699,47.36462391469302
2024-04-02,65463.99,66903.63,64493.07,65963.28,39887.21778,68938.62857142858,68099.80633333333,0.0076269411626147,0.0368226867931515,-0.0431593815120033,-0.0313734568182985,35293.91968142857,0.1301441761082828,68487.79,1,5205.81005859375,-0.0072390590731691296,-0.0020135845401164643,0.09800057806028227,48.40408813550382
2024-04-03,65963.27,69309.91,65064.52,68487.79,41510.48453,68611.08428571429,68258.599,0.0382716017565531,0.0643599081731394,-0.0017970024376945,0.0033576868461655,36161.269987142856,0.1479266227308681,67820.62,0,5211.490234375,0.001091122364688113,-0.0072390590731691296,0.08545170041632098,53.41364652767448
2024-04-04,68487.8,68756.67,65952.56,67820.62,37915.23073,68321.09571428571,68316.81833333333,-0.0097415890129338,0.0409432044831342,-0.0073253467183645,-0.0072631944144744,37942.71958714286,-0.0007244830481833,68896.0,1,5147.2099609375,-0.012334336350379616,0.001091122364688113,0.17621165385167264,51.97735556193675
2024-04-05,67820.63,69692.0,67447.83,68896.0,20134.28919,68223.06999999999,68385.91266666667,0.0158560898063022,0.0330897840376888,0.0098636722152786,0.007458953363972,38869.81641142857,-0.4820070931932654,69360.39,1,5204.33984375,0.011099194174331695,-0.012334336350379616,0.1846265073561501,54.11893326406231
2024-04-06,68896.0,70326.29,68824.0,69360.39,21534.74433,67948.83857142857,68427.11933333332,0.0067404493729679,0.021805184626103,0.0207737388636539,0.0136389004207582,39175.30212571429,-0.4502979387141777,71620.0,1,5204.33984375,0.0,0.011099194174331695,0.1642288621556243,55.05113957351521
2024-04-07,69360.38,72797.99,69043.24,71620.0,45723.87624,68230.2957142857,68537.34366666667,0.0325779645382564,0.0541339306387883,0.0496803399461828,0.0449777620259973,39786.52439,0.1492302215644727,69146.0,0,5204.33984375,0.0,0.0,0.16625565245449347,59.376219886446925
2024-04-08,71620.0,71758.19,68210.0,69146.0,39293.90242,68756.29714285713,68543.681,-0.0345434236246858,0.0495418877408545,0.0056678860458871,0.0087873745794306,35142.820745714285,0.1181203325800745,70631.08,1,5202.39013671875,-0.00037463099831791524,0.0,0.17022155439167058,53.326072180841095
2024-04-09,69146.0,71172.08,67518.0,70631.08,42006.02377,69423.1257142857,68495.447,0.0214774535041795,0.0528458623781563,0.0173998832994885,0.0311791964800229,35445.50731571428,0.1850873905076596,70006.23,0,5209.91015625,0.0014454931932483817,-0.00037463099831791524,0.18135615715906273,56.21049115419468
2024-04-10,70631.08,71305.89,69567.21,70006.23,31917.25595,69640.0457142857,68447.25433333333,-0.0088466720316326,0.0246163586908198,0.0052582430404575,0.0227763068343773,34075.04609,-0.0633246433269902,67116.52,0,5160.64013671875,-0.009456980649108493,0.0014454931932483817,0.18359960450374846,54.679340688220314
2024-04-11,70006.22,71227.46,65086.86,67116.52,56072.86229,69539.45999999999,68248.72466666666,-0.0412777607475449,0.0877150630329705,-0.0348426634316687,-0.0165893893577712,36668.99345571429,0.5291628431993932,63924.51,0,5199.06005859375,0.007444797710585593,-0.009456980649108493,0.09207491655126737,48.147475910809455
2024-04-12,67116.52,67929.0,60660.57,63924.51,71395.22019,68829.24714285714,67999.91033333333,-0.0475592298289601,0.1082956923273137,-0.0712594913711204,-0.0599324368716936,43991.98359857142,0.6229143209700244,65661.84,1,5123.41015625,-0.01455068829580164,0.007444797710585593,0.17471086518945178,42.15679524206413
2024-04-13,63924.52,65840.0,62134.0,65661.84,61599.17818,68300.88285714285,67871.97666666665,0.0271776776736063,0.05797462382197,-0.0386384882119698,-0.032563316632446,49715.47414857143,0.2390343094368346,63419.99,0,5123.41015625,0.0,-0.01455068829580164,0.16574752207257956,46.088549971788204
2024-04-14,65661.85,66867.07,62274.4,63419.99,52389.53069,67129.45285714285,67809.28866666667,-0.0341425043613606,0.06994426748561,-0.0552583508320394,-0.064730050306874,50667.71049857143,0.033982593144348,63793.39,1,5123.41015625,0.0,0.0,0.11207148510194101,42.110808392106556
2024-04-15,63419.99,64365.0,61600.0,63793.39,53435.29331,66364.79428571429,67655.95233333333,0.005887733504846,0.0435982408701105,-0.0387465118123301,-0.0570912417920439,52687.90919714286,0.014185116172681,61277.37,0,5061.81982421875,-0.01202135494776202,0.0,0.09389807619763876,42.99332257912274
2024-04-16,63793.4,64499.0,59678.16,61277.37,50610.54509,65028.55,67444.865,-0.0394402869262337,0.0755695730279307,-0.057685124456873,-0.0914449899188026,53917.12652857143,-0.0613271079425796,63470.08,1,5051.41015625,-0.0020565070133361507,-0.01202135494776202,0.10229687802209261,38.71096731758931
2024-04-17,61277.38,64117.09,60803.35,63470.08,43601.60918,64094.81428571429,67495.95433333333,0.0357831878582276,0.0540777037138336,-0.0097470332456136,-0.0596461576563726,55586.319847142855,-0.2156053989560683,63818.01,1,5022.2099609375,-0.005780602724641426,-0.0020565070133361507,0.17626759526669217,43.95063973197355
2024-04-18,63470.09,65450.0,59600.01,63818.01,69774.30271,63623.59857142857,67361.871,0.0054816370986712,0.0921692406612311,0.0030556496793115,-0.0526093017814187,57543.668478571424,0.2125452644018189,64940.59,1,5011.1201171875,-0.002208160119998248,-0.005780602724641426,0.08402658386376793,44.75766797857656
2024-04-19,63818.01,65419.0,63090.07,64940.59,23137.42975,63768.75285714286,67343.18166666667,0.0175903322588716,0.0364933033794065,0.018376353470207,-0.0356768362765952,50649.69841571428,-0.543187215842898,64941.15,1,4967.22998046875,-0.00875854812743615,-0.002208160119998248,0.131279762636204,47.38974497400614
2024-04-20,64940.58,65695.56,64237.5,64941.15,19316.42152,63665.79714285715,67381.332,8.777254530213757e-06,0.0224522170882982,0.0200319938550543,-0.0362145111646055,44609.30460714285,-0.5669867152130623,66819.32,1,4967.22998046875,0.0,-0.00875854812743615,0.16252366553666858,47.39109158230385
2024-04-21,64941.15,67232.35,64500.0,66819.32,31397.99371,64151.41571428571,67475.64233333334,0.0289211078029878,0.0420742472222928,0.0415876135547261,-0.0097268037863361,41610.51361,-0.2454312387421647,66414.0,0,4967.22998046875,0.0,0.0,0.16962918632951238,51.84314673433013
2024-04-22,66819.32,67183.01,65765.81,66414.0,22599.90004,64525.78857142857,67449.10933333334,-0.006065910278644,0.0212094346365691,0.0292628958184869,-0.0153465233798393,37205.45742857143,-0.392564919181864,64289.59,0,5010.60009765625,0.008731248071466746,0.0,0.13848968020323205,50.84318854411212
2024-04-23,66414.0,67070.43,63606.06,64289.59,33595.69637,64956.105714285724,67262.762,-0.0319873821784564,0.0521632487126207,-0.0102610171431373,-0.0442023478012991,34774.76475428571,-0.0339058622715887,64498.34,1,5070.5498046875,0.011964576270872662,0.008731248071466746,0.040672846328945945,45.85127670200711
2024-04-24,64289.58,65297.94,62794.0,64498.34,31341.46338,65103.0,67079.77333333333,0.0032471825138691,0.0389478357145901,-0.0092877440363731,-0.0384830360190046,33023.31535428571,-0.0509292285236116,63770.01,0,5071.6298828125,0.0002130100613548791,0.011964576270872662,0.04364619850632781,46.408085679948684
2024-04-25,64498.33,64820.01,63297.48,63770.01,27085.19346,65096.142857142855,66889.774,-0.011292075314198,0.0236057274661219,-0.0203719114364905,-0.046640372861777,26924.871175714285,0.005954430876918,63461.98,0,5048.419921875,-0.004576430353515626,0.0002130100613548791,0.04791343543202733,44.68171427834893
2024-04-26,63770.0,63923.41,62391.24,63461.98,20933.06052,64884.91285714286,66645.81999999999,-0.004830170926768,0.0240265014897287,-0.0219301035400282,-0.0477725384727802,26609.96128571429,-0.2133374304742774,63118.62,0,5099.9599609375,0.01020914263474304,-0.004576430353515626,0.0027134990817327662,43.93728525167103
2024-04-27,63461.98,64370.0,62781.0,63118.62,16949.20005,64624.55142857144,66421.42266666667,-0.0054104835682719,0.0250386136707363,-0.023302775729684,-0.049724961225863,26271.78679,-0.3548516442569684,63866.0,1,5099.9599609375,0.0,0.01020914263474304,0.0063635384386335056,43.07576043425319
2024-04-28,63118.62,64228.35,61765.53,63866.0,28150.22947,64202.64857142857,66230.88333333333,0.0118408799178435,0.0390189139116159,-0.0052435308966114,-0.0357066554802102,25807.82047,0.0907635343605596,60672.0,0,5099.9599609375,0.0,0.0,0.00931306788548704,45.57721043431692
2024-04-29,63866.0,64734.0,59191.6,60672.0,54947.65535,63382.36285714286,65877.283,-0.0500109604484389,0.0867816991826637,-0.0427620987127244,-0.0790148403661395,30428.92837142857,0.8057703077573195,58364.97,0,5116.169921875,0.0031784486665891176,0.0,-0.031601951733455265,37.91015986298858
2024-04-30,60672.01,60841.63,56552.82,58364.97,81166.46823,62535.98857142857,65501.122,-0.0380247827622655,0.0706884443089984,-0.0666978913536232,-0.1089470192586929,37224.75292285714,1.1804434376825987,59060.61,1,5035.68994140625,-0.01573051358686217,0.0031784486665891176,0.0567293602606926,33.523508981275185
2024-05-01,58364.97,59625.0,56911.84,59060.61,47583.81961,61759.17,65287.67599999999,0.0119187930705695,0.046486102879861,-0.0436948877389381,-0.0953788889652006,39545.08952714286,0.2032801083264594,62882.01,1,5018.39013671875,-0.0034354388154940185,-0.01573051358686217,0.04847132824227423,35.93087559119019
2024-05-02,59060.6,63333.0,58811.32,62882.01,43628.40143,61632.31285714286,65184.967,0.0647032031506622,0.0765600078563373,0.0202766549708073,-0.0353295722309715,41908.40495142857,0.041041802487231,63892.04,1,5064.2001953125,0.009128437077573048,-0.0034354388154940185,0.1640808989151721,47.23512423933233
2024-05-03,62882.01,64540.0,62541.03,63892.04,24368.69282,61693.75,65031.77533333333,0.0160623046241683,0.0317892192059382,0.0356322966264816,-0.017525822222927,42399.209565714285,-0.4252559642124671,64012.0,1,5127.7900390625,0.012556739721478527,0.009128437077573048,0.18569003506100412,49.75833425703676
2024-05-04,63892.03,64646.0,62822.17,64012.0,18526.75029,61821.375714285714,64904.82133333333,0.0018776989868689,0.0285455009020687,0.0354347385577198,-0.0137558553431346,42624.573885714286,-0.5653504867949125,63165.19,0,5127.7900390625,0.0,0.012556739721478527,0.1783770271845829,50.06376387732734
2024-05-05,64012.0,65500.0,62700.0,63165.19,34674.91949,61721.26,64713.79433333334,-0.0132289258264075,0.0437417984127976,0.0233943701084521,-0.0239300499883634,43556.67246,-0.2039125688069146,62312.08,0,5127.7900390625,0.0,0.0,0.1510540051447007,47.8522791023566
2024-05-06,63165.18,64422.41,62261.0,62312.08,25598.79472,61955.557142857135,64478.850666666665,-0.013505858765858,0.0342183779101081,0.005754493601289,-0.0336043624268074,39363.97808428571,-0.3496898442228539,61193.03,0,5180.740234375,0.01032612390701182,0.0,0.12614778176276656,45.663829622321
2024-05-07,62312.07,63020.22,60888.0,61193.03,26121.19004,62359.56571428572,64131.285,-0.0179586394738611,0.0342184106546292,-0.0187066042061688,-0.0458162502123574,31500.366914285714,-0.1707655307293009,63074.01,1,5187.7001953125,0.0013434298232750663,0.01032612390701182,0.1252852889397082,42.8927624237731
2024-05-08,61193.03,63429.03,60630.0,63074.01,30660.8061,62932.908571428576,63928.88533333333,0.0307384680902384,0.0457409937046751,0.0022420929172735,-0.0133722859217066,29082.793555714285,0.0542593180143681,60799.99,0,5187.669921875,-5.835618166138978e-06,0.0013434298232750663,0.12340926542799627,48.54501490203009
2024-05-09,63074.0,63469.13,60187.12,60799.99,36529.34025,62635.47714285715,63601.18233333333,-0.0360530487998224,0.0520342771982115,-0.0293042733381087,-0.0440430858447301,28068.64195857143,0.301428843757968,60825.99,1,5214.080078125,0.005090947698625836,-5.835618166138978e-06,0.08759893927253469,43.003494529572976
2024-05-10,60799.99,61515.0,60487.09,60825.99,13374.56936,62197.47,63295.174333333336,0.0004276316492815,0.016906417254345,-0.0220504145908185,-0.0390106253650522,26498.052892857144,-0.4952621834487594,61483.99,1,5222.68017578125,0.001649398844549843,0.005090947698625836,0.08406578312604131,43.083493846659415
2024-05-11,60825.99,61888.0,60610.0,61483.99,12753.13236,61836.32571428571,63107.42333333333,0.0108177441912577,0.0210107554352999,-0.0056978759687902,-0.0257249186796672,25673.25033142857,-0.5032521322635988,62940.08,1,5222.68017578125,0.0,0.001649398844549843,0.13595174833300896,45.18054950467189
2024-05-12,61484.0,63450.0,60749.21,62940.08,32733.41839,61804.16714285714,63074.609,0.0236822587990371,0.043926712640687,0.0183792276420011,-0.0021328550764381,25395.89303142857,0.2889256680003694,61577.49,0,5222.68017578125,0.0,0.0,0.010666280556395378,49.60543872248007
2024-05-13,62940.09,63118.36,61142.77,61577.49,29088.72041,61699.22571428572,62938.46400000001,-0.021649158747628,0.0313884203216106,-0.0019730509236769,-0.0216238832901929,25894.453844285712,0.1233571708027813,66206.5,1,5221.419921875,-0.00024130405535727206,0.0,0.018366173543711607,45.87384361197708
2024-05-14,61577.49,66444.16,61319.47,66206.5,43559.74719,62415.43571428571,63031.34766666666,0.0751737363767182,0.0832234311596657,0.060739210458585,0.0503741781014223,28385.67629428572,0.5345678834070604,65235.21,0,5246.68017578125,0.004837813139759728,-0.00024130405535727206,0.06843029856589042,57.555285272994105
2024-05-15,66206.51,66752.01,64602.77,65235.21,31106.3671,62724.17857142857,63079.40833333333,-0.0146707627391928,0.0324626687013104,0.040032910526073,0.0341759969477625,28449.327865714287,0.0933955011811665,67024.0,1,5308.14990234375,0.011715927882596233,0.004837813139759728,0.0490285400673934,54.87894991976493
2024-05-16,65235.21,67451.2,65106.38,67024.0,26292.23409,63613.322857142855,63270.962666666666,0.027420621471135,0.0359440860234833,0.0536157677302369,0.0593168994931471,26986.88412857143,-0.0257402831413201,66915.2,0,5297.10009765625,-0.0020816677921287052,0.011715927882596233,0.0031135303509226193,58.688883279125704
2024-05-17,67024.0,67400.01,66600.0,66915.2,14441.25774,64483.21,63385.8,-0.0016232991167343,0.0119361721174503,0.0377150889355538,0.055681240908847,27139.26818285714,-0.4678833031643056,66274.01,0,5303.27001953125,0.0011647735102702228,-0.0020816677921287052,0.05364839853449619,58.36606891939874
2024-05-18,66915.2,67700.0,65857.25,66274.01,18025.30409,65167.49857142857,63467.66666666666,-0.0095821278274592,0.0275385861508297,0.0169794982595288,0.0442168978429961,27892.435572857143,-0.3537565393700903,71446.62,1,5303.27001953125,0.0,0.0011647735102702228,0.06112188061132587,56.39728643880871
2024-05-19,66274.0,71515.56,66060.31,71446.62,50816.7011,66382.71857142857,63684.53433333334,0.0780490086610133,0.0823135769683435,0.0762834294459122,0.1218833700822693,30475.761674285717,0.6674464659197409,70148.34,0,5303.27001953125,0.0,0.0,0.0589049176501448,66.27923148308618
2024-05-20,71446.62,71979.0,69162.94,70148.34,49607.4336,67607.12571428572,63858.10733333333,-0.0181713284687225,0.0394148806479578,0.0375879651570116,0.0985032743584497,33407.006415714284,0.4849410025755918,69166.62,0,5308.1298828125,0.0009163899374069473,0.0,0.06241023389917761,62.45337940145024
2024-05-21,70148.34,70666.0,68842.19,69166.62,27673.18026,68030.0,63936.350666666665,-0.0139949142060952,0.0259993322721535,0.0167076289872114,0.0818043144282887,31137.496854285717,-0.1112586734411468,67969.65,0,5321.41015625,0.002501874243978186,0.0009163899374069473,0.07392401880694276,59.64948678163039
2024-05-22,69166.62,70096.12,66312.16,67969.65,40513.17374,68420.63428571427,63988.20566666666,-0.0173056020375146,0.0547078923330356,-0.0065913490926002,0.0622215342945205,32481.326374285716,0.2472758431463811,68549.99,1,5307.009765625,-0.002706123039226127,0.002501874243978186,0.1011270836052585,56.32888425902866
2024-05-23,67969.66,69250.0,66600.12,68549.99,28095.83664,68638.63285714285,64130.219,0.0085380741936917,0.0389862182626778,-0.0012914426388318,0.0689186949447343,32738.98388142857,-0.1418231933600856,69290.57,1,5267.83984375,-0.0073807894850155265,-0.002706123039226127,0.16245715446331452,57.56240061892156
2024-05-24,68549.99,69610.0,68500.0,69290.57,12130.39418,68977.97142857143,64289.96,0.0108035026700952,0.0161925625372082,0.0045318608963773,0.0777821295891303,32408.860515714285,-0.6257074766908802,68507.67,0,5304.72021484375,0.0070010425881694704,-0.0073807894850155265,0.16877392018824403,59.148156894408466
2024-05-25,69290.56,69562.23,68128.01,68507.67,11872.11797,69297.06571428571,64447.882,-0.0112986530921383,0.0206986348501152,-0.0113914738834746,0.0629933501926409,31529.83392714285,-0.6234639866028683,69436.43,1,5304.72021484375,0.0,0.0070010425881694704,0.15903615535949117,56.73462620751604
2024-05-26,68507.67,70687.56,68250.0,69436.43,23136.92737,69009.89571428571,64647.030333333336,0.0135570221553293,0.0355808335037521,0.0061807698924834,0.0740853778119664,27575.58053714285,-0.1609631812162293,68398.39,0,5304.72021484375,0.0,0.0,0.17654715466253698,58.87832751020102
2024-05-27,69436.43,69591.81,67277.91,68398.39,32622.97042,68759.90285714286,64823.02266666666,-0.014949501292045,0.0333240058568678,-0.0052576115166124,0.0551558256041007,25149.22865428572,0.2971757849297168,67652.42,0,5304.72021484375,0.0,0.0,0.17830872305177314,55.5645965419171
2024-05-28,68398.4,68935.68,67124.65,67652.42,23159.83149,68543.58857142857,64949.23666666666,-0.010906395471239,0.0264776661442372,-0.0130014869370297,0.0416199400034006,24504.46454428571,-0.0548729825071517,68352.17,1,5306.0400390625,0.0002488018529340774,0.0,0.18355939615210165,53.245408815882804
2024-05-29,67652.41,69500.0,67128.0,68352.17,28478.2184,68598.2342857143,65205.242333333335,0.0103434600482081,0.0350615743031179,-0.0035870352681299,0.0482618813159127,22785.18521,0.2498567879756112,67540.01,0,5266.9501953125,-0.007367046509680453,0.0002488018529340774,0.19686051196280774,55.137020885402755
2024-05-30,68352.17,69044.1,66670.0,67540.01,26690.32184,68453.95142857144,65511.077000000005,-0.0118819929199029,0.034733352284207,-0.0133511858628804,0.0309708387178551,22584.39738142857,0.1818035871945727,67766.85,1,5235.47998046875,-0.005975035585443322,-0.007367046509680453,0.08395359877810986,52.48296800337237
2024-05-31,67540.01,67900.0,67428.44,67766.85,8837.66133,68236.27714285714,65801.285,0.0033586018124665,0.0069819355963968,-0.0068794366063429,0.0298712251592047,22114.006974285712,-0.6003591144618665,67765.63,0,5277.509765625,0.00802787620486467,-0.005975035585443322,0.08846933468058654,53.16113301864392
2024-06-01,67766.84,68460.0,67257.47,67765.63,15426.32529,68130.27142857143,65964.07233333334,-1.7855340458428503e-05,0.0177451095550567,-0.005352120590826,0.027311195366516,22621.75087714286,-0.3180755382826338,68809.9,1,5277.509765625,0.0,0.00802787620486467,-0.02709632757586212,53.15673892527133
2024-06-02,67765.62,70288.0,67612.48,68809.9,29633.374,68040.76714285715,66128.001,0.0154101740676171,0.0394819674047105,0.0113040003727175,0.0405561783124215,23549.814681428576,0.2583272692743917,70537.84,1,5277.509765625,0.0,0.0,-0.0817861860604676,56.47316127662441
2024-06-03,68809.89,71063.45,68567.32,70537.84,29619.78489,68346.40285714286,66345.52900000001,0.0251119424838493,0.0362757446640299,0.0320636793049322,0.0631890507648222,23120.78817714285,0.2810888912205006,71108.0,1,5283.39990234375,0.0011160825806737495,0.0,-0.08035656272113688,61.34934549281621
2024-06-04,70537.83,71758.0,70383.66,71108.0,28703.18082,68840.05714285714,66610.28933333333,0.0080831803303276,0.019483729510817,0.0329451042208813,0.0675227612983195,23912.695224285715,0.2003323151481926,70799.06,0,5291.33984375,0.0015028090913065117,0.0011160825806737495,-0.08587433741771196,62.82906446060123
2024-06-05,71108.0,71700.0,70117.64,70799.06,21842.00449,69189.61285714286,66893.18866666667,-0.0043446588288237,0.022252911064859,0.0232613982994846,0.058389671821395,22964.664665714285,-0.0488864171132614,69355.6,0,5354.02978515625,0.011847649793331305,0.0015028090913065117,-0.062423743694675335,61.45613040019525
2024-06-06,70799.06,71997.02,68420.0,69355.6,35598.45045,69448.98285714285,67165.27433333333,-0.0203881237971237,0.0505235521488562,-0.0013446252673697,0.032610983702625,24237.25446714286,0.4687492965945833,69310.46,0,5352.9599609375,-0.00019981663563317653,0.011847649793331305,-0.0507022460332654,55.368261791489466
2024-06-07,69355.6,69582.2,69168.02,69310.46,9773.82967,69669.49857142857,67373.156,-0.0006508486697541,0.0059718321231449,-0.0051534542201486,0.0287548352343773,24370.99280142857,-0.59895644179801,69648.14,1,5346.990234375,-0.0011152197300303701,-0.00019981663563317653,-0.039865703898073035,55.1841608595698
2024-06-08,69310.46,69857.14,69130.24,69648.14,9890.56709,69938.42857142857,67668.09433333334,0.0048719919042521,0.0104875945131513,-0.0041506304524999,0.0292611412538521,23580.170201428573,-0.5805557379140209,69540.0,0,5346.990234375,0.0,-0.0011152197300303701,0.011982212091584846,56.353323015811284
2024-06-09,69648.15,70195.94,69172.29,69540.0,17122.66941,70042.72857142857,67958.56133333333,-0.0015528050637381,0.0146974470965848,-0.0071774555572302,0.02327063192097,21792.92668857143,-0.2143015183463445,67314.24,0,5346.990234375,0.0,0.0,0.01484659770181438,55.85082022062043
2024-06-10,69540.0,69590.01,66051.0,67314.24,41436.01588,69582.21428571429,68152.903,-0.0320069025021569,0.0508917169974114,-0.0325941666127735,-0.0123056093443297,23480.95968714286,0.7646644954928542,68263.99,1,5360.7900390625,0.0025808546645145203,0.0,-0.003673992325165125,46.63369600794528
2024-06-11,67314.23,69999.0,66905.0,68263.99,37175.32356,69175.92714285714,68330.36666666667,0.0141093495387232,0.045963535496135,-0.0131828683838796,-0.0009714080269825,24691.26579285714,0.5056062282053735,66773.01,0,5375.31982421875,0.0027103813151374556,0.0025808546645145203,0.008492622861355876,50.395551934862816
2024-06-12,68263.98,68449.3,66251.78,66773.01,29079.55571,68600.77714285714,68503.55066666666,-0.0218412404316302,0.0321915012866229,-0.0266435340674192,-0.0252620579491908,25725.20168142857,0.1303917485316739,66043.99,0,5421.02978515625,0.008503672791998707,0.0027103813151374556,-0.05748209811096068,45.029229675489404
2024-06-13,66773.01,67370.24,65078.0,66043.99,28408.18797,68127.68999999999,68498.13366666666,-0.0109178843367999,0.0343288403503152,-0.03058521432328,-0.0358278909993268,24698.02132714286,0.1502212097768215,66228.25,1,5433.740234375,0.0023446558536817097,0.008503672791998707,-0.17167263832094404,42.63845674761887
2024-06-14,66043.99,66478.48,65857.1,66228.25,11451.80242,67687.37428571428,68531.235,0.0027899586321176,0.0094085775253734,-0.0215568161878342,-0.0336048956362744,24937.73172,-0.5407841198798493,66676.87,1,5431.60009765625,-0.000393860697500914,0.0023446558536817097,-0.12722590028267866,43.45562136766978
2024-06-15,66228.25,66998.7,66034.5,66676.87,9392.52223,67262.90714285713,68519.664,0.0067738465080988,0.0145587419265947,-0.008712634760381,-0.0268943817354388,24866.58245428571,-0.6222833496614564,66504.33,0,5431.60009765625,0.0,-0.000393860697500914,-0.10110991446127816,45.491650589479285
2024-06-16,66676.86,67298.81,65130.0,66504.33,27386.16851,66829.24,68505.96833333334,-0.0025875543629378,0.0325271765946986,-0.0048617940290807,-0.0292184517937744,26332.79661142857,0.0400022798229589,65175.32,0,5431.60009765625,0.0,0.0,-0.09989840602361061,44.82316365553812
2024-06-17,66504.33,66588.23,64060.0,65175.32,42350.10244,66523.68000000001,68469.34533333333,-0.0199838115803888,0.038016020911721,-0.0202688726781201,-0.0481094907114539,26463.380405714288,0.6003285215540818,64974.37,0,5473.22998046875,0.007664386564552705,0.0,-0.15120324326999413,39.953097888913035
2024-06-18,65175.32,65727.54,64666.0,64974.37,20060.79576,66053.7342857143,68253.60366666666,-0.0030832222994838,0.0162874535943972,-0.0163407004522336,-0.0480448429167433,24018.447862857145,-0.1647755144485159,64869.99,0,5487.02978515625,0.0025213273947457537,0.007664386564552705,-0.17283399554724574,39.25853613252889
2024-06-19,64974.37,66482.94,64559.15,64869.99,24265.29031,65781.87428571428,68077.65866666667,-0.0016064796011104,0.0296084440680225,-0.0138622423823565,-0.0471177876779311,23330.695662857142,0.0400585846495245,64143.56,0,5487.02978515625,0.0,0.0025213273947457537,-0.179369486177875,38.88043714713474
2024-06-20,64869.99,65066.66,63379.35,64143.56,25993.56442,65510.38428571429,67910.22333333333,-0.0111982443653837,0.0260106406675876,-0.0208642385572503,-0.0554653356806807,22985.74944142857,0.1308556410673416,64262.01,1,5473.169921875,-0.0025259318472709014,0.0,-0.14972958614514834,36.26288734586494
2024-06-21,64143.56,64546.81,63943.82,64262.01,7308.95542,65229.49285714285,67786.63533333334,0.0018466390078755,0.0094006319574404,-0.0148319849621045,-0.051995873758911,22393.914155714283,-0.6736186729493663,63210.01,0,5464.6201171875,-0.001562130321101196,-0.0025259318472709014,-0.19482253327219537,37.00758171912747
2024-06-22,64262.01,64521.0,63178.32,63210.01,8224.45447,64734.22714285714,67608.636,-0.016370480786393,0.0208938375877131,-0.0235457687552746,-0.0650601204260354,22227.047332857142,-0.6299798913082711,60293.3,0,5464.6201171875,0.0,-0.001562130321101196,-0.1367496256477566,33.28765606307806
2024-06-23,63210.01,63369.8,58402.0,60293.3,52161.35414,63846.93714285714,67308.727,-0.0461431662485103,0.0785919825040369,-0.0556586940874844,-0.1042275988966482,25766.359565714287,1.0243975097439808,61806.01,1,5464.6201171875,0.0,0.0,-0.14521651878316538,25.6033787617596
2024-06-24,60293.3,62420.0,60257.06,61806.01,31189.24361,63365.607142857145,67085.33833333333,0.025089189014368,0.0358736377010381,-0.02461267575865,-0.0786957100387781,24171.95116142857,0.2903072408887288,60864.99,0,5447.8701171875,-0.003065171894990004,0.0,-0.20282062795645373,34.100105360757155
2024-06-25,61806.01,62487.81,60712.0,60864.99,22485.66463,62778.55285714286,66799.62366666667,-0.0152253801855192,0.0287319954806983,-0.0304811559052231,-0.0888423218711646,24518.361,-0.0829050673493224,61706.47,1,5469.2998046875,0.003933590015736899,-0.003065171894990004,-0.2130359364292693,31.676491829164036
2024-06-26,60864.98,62389.22,60606.63,61706.47,18344.28631,62326.62142857143,66576.55966666667,0.0138255200281015,0.0292876133369304,-0.0099500247944956,-0.0731502151966108,23672.503285714287,-0.225080419734474,60427.84,0,5477.89990234375,0.0015724312002203256,0.003933590015736899,-0.2119364509393058,36.05328019637794
2024-06-27,61706.46,62225.31,60063.0,60427.84,24821.19255,61795.80428571429,66335.74033333334,-0.0207210071684553,0.0350418740598633,-0.0221368473398206,-0.0890605924294577,23505.02159,0.0559953095537658,60986.68,1,5482.8701171875,0.0009073212238914774,0.0015724312002203256,-0.21033530948781304,32.63252607805693
2024-06-28,60427.84,61224.0,60383.77,60986.68,11509.55904,61327.90000000001,66090.224,0.0092480552010464,0.0139046836689844,-0.0055638624508585,-0.077220860985431,24105.107821428574,-0.5225261332468126,62772.01,1,5460.47998046875,-0.004083652583445674,0.0009073212238914774,-0.19265914122488234,35.51244501360284
2024-06-29,60986.68,63058.76,60712.21,62772.01,17326.30136,61265.32857142857,65931.29066666667,0.0292740972290998,0.0384764345263589,0.0245927258321125,-0.047917773711412,25405.371662857146,-0.3180063810941529,62899.99,1,5460.47998046875,0.0,-0.004083652583445674,-0.2551105024623752,43.78098672224695
2024-06-30,62772.01,63861.76,62497.2,62899.99,24547.10538,61637.712857142855,65769.062,0.0020388067866553,0.0217383512173659,0.0204789743867153,-0.0436234289003545,21460.478982857145,0.143828401947994,62135.47,0,5460.47998046875,0.0,0.0,-0.29922918791013065,44.33200609455429
2024-07-01,62900.0,63288.83,61806.28,62135.47,18573.11875,61684.77857142857,65581.39,-0.0121546899841017,0.0235699523052464,0.0073063637255266,-0.0525441744982837,19658.17543142857,-0.0551962050198123,60208.58,0,5475.08984375,0.0026755639309195,0.0,-0.3042072052131387,41.702482988503135
2024-07-02,62135.46,62285.94,59400.0,60208.58,32160.11127,61591.00571428572,65294.67933333334,-0.0310109557408925,0.0464459424618406,-0.0224452531380741,-0.0778945449347946,21040.23923714286,0.5285050187655163,57050.01,0,5509.009765625,0.006195317856513505,0.0026755639309195,-0.3498017024988674,35.91960631796496
2024-07-03,60208.57,60498.19,56771.0,57050.01,54568.77276,60925.79714285715,64845.085,-0.052460305899974,0.0619046424786372,-0.0636148778450826,-0.1202107299265626,26215.165872857146,1.081572667693849,56628.79,0,5537.02001953125,0.005084444409779065,0.006195317856513505,-0.4038863064616459,28.85587030365751
2024-07-04,57050.02,57546.0,53485.93,56628.79,81348.24756,60383.07571428572,64362.44466666666,-0.0073835206368025,0.0711668462167059,-0.0621744697479447,-0.1201578763317535,34290.45944571429,1.3723288889955985,58230.13,1,5537.02001953125,0.0,0.005084444409779065,-0.4066204043439167,28.063287582606577
2024-07-05,56628.79,58475.0,56018.0,58230.13,21651.31558,59989.28285714285,63943.48033333334,0.0282778424190239,0.0433878244617269,-0.0293244521914366,-0.0893500057167674,35739.28180857143,-0.3941871664917644,55857.81,0,5567.18994140625,0.005448765178485582,0.0,-0.37894190102238406,35.335034035828585
2024-07-06,58230.13,58449.46,55724.37,55857.81,19118.93918,59001.54,63493.554,-0.0407404208096392,0.0467986246982446,-0.0532821685671255,-0.12026014483297,35995.372925714284,-0.4688500874971665,56714.62,1,5567.18994140625,0.0,0.005448765178485582,-0.3504774944040051,30.427835755907026
2024-07-07,55857.81,58236.73,54260.16,56714.62,48090.2049,58117.91571428572,63073.69266666667,0.0153391262564716,0.0711909399956783,-0.0241456648442879,-0.1008197300302876,39358.67285714286,0.2218451845302128,58050.0,1,5567.18994140625,0.0,0.0,-0.3550558800594541,33.99326859023029
2024-07-08,56714.61,58296.0,56289.45,58050.0,27732.20788,57534.27714285714,62687.088,0.0235457847633969,0.0353797725136433,0.0089637496593955,-0.0739719796842373,40667.11416142857,-0.3180679659265547,57725.85,0,5572.85009765625,0.0010166989647510949,0.0,-0.34350163201138684,39.22124445461802
2024-07-09,58050.0,59470.0,57157.79,57725.85,24951.73799,57179.60142857143,62293.283,-0.0055839793281654,0.039831352282515,0.0095532070490373,-0.0733214365985495,39637.34655,-0.3704992850990929,57339.89,0,5576.97998046875,0.0007410719362856977,0.0010166989647510949,-0.34159011637177367,38.4256488090265
2024-07-10,57725.85,59650.0,57050.0,57339.89,29761.05735,57221.01285714285,61960.80466666666,-0.0066860860429079,0.0450404801315182,0.0020775085396327,-0.0745780286670905,36093.38720571429,-0.1754429369464043,57889.1,1,5633.91015625,0.010208065293514812,0.0007410719362856977,-0.30001436137395654,37.45150897188724
2024-07-11,57339.89,58526.68,56542.47,57889.1,23652.4569,57401.05714285715,61614.975,0.0095781488244919,0.0346043565831744,0.0085023322119003,-0.0604702834010725,27851.131397142857,-0.1507541807645768,59204.02,1,5584.5400390625,-0.008763028841120457,0.010208065293514812,-0.33861079912449865,39.79059011297442
2024-07-12,57889.09,59850.0,57756.63,59204.02,15357.74519,57540.18428571429,61362.67533333333,0.0227146427763849,0.0361617361751584,0.0289160650932916,-0.0351786378544795,26952.049912857143,-0.4301826673794569,60797.91,1,5615.35009765625,0.0055170270744306915,-0.008763028841120457,-0.23994805972303895,45.08552767817787
2024-07-13,59204.01,61420.69,59194.01,60797.91,21178.33907,58245.91285714286,61187.806,0.0269221628737648,0.0376102902489206,0.0438141839946145,-0.0063721193075625,27246.24989714285,-0.22270627517731,64724.14,1,5615.35009765625,0.0,0.0055170270744306915,-0.2432287779077662,50.740496340588756
2024-07-14,60797.91,64900.0,60632.3,64724.14,38690.9782,59390.13,61137.669,0.0645783711972993,0.0701948471583973,0.0898130716332832,0.0586622136346088,25903.503225714285,0.4936581304412774,65043.99,1,5615.35009765625,0.0,0.0,-0.23735482287500229,61.309801178099285
2024-07-15,64724.06,65388.97,62373.24,65043.99,42530.52915,60389.27142857143,61083.23966666667,0.004942984108228,0.0465936469374758,0.0770785681184145,0.0648418511353896,28017.54912142857,0.5179960590297141,64087.99,0,5631.22021484375,0.0028262026252154904,0.0,-0.2305629579820051,62.02464882560507
2024-07-16,65044.0,66128.63,63854.0,64087.99,29567.52954,61298.14857142857,61002.695,-0.0146978968083144,0.034970635262284,0.0455126540293549,0.0505763720766762,28676.947914285716,0.0310556628402785,63987.92,0,5667.2001953125,0.006389375498743188,0.0028262026252154904,-0.2491225653945048,58.54300937462446
2024-07-17,64087.99,65133.3,63238.48,63987.92,22568.7225,62247.86714285715,60963.115,-0.0015614470043451,0.0295659139879406,0.0279536141077649,0.049616969211629,27649.471507142855,-0.1837557367355219,66660.0,1,5588.27001953125,-0.013927543241993745,0.006389375498743188,-0.167284311245332,58.17489247059744
2024-07-18,63987.92,67386.0,63300.67,66660.0,35634.72739,63500.85285714285,61019.30266666667,0.0417591320361718,0.0638453320564256,0.0497496805273504,0.0924411962579622,29361.224434285712,0.2136662580184697,67139.96,1,5544.58984375,-0.007816403936922511,-0.013927543241993745,-0.24514180918536063,64.57953900741732
2024-07-19,66660.01,67598.0,66222.46,67139.96,14386.92434,64634.55857142858,61094.96833333334,0.0071999689168965,0.0206351604207679,0.0387625673315719,0.0989441820099697,29222.53574142857,-0.5076770726777223,68165.34,1,5505.0,-0.007140265531926926,-0.007816403936922511,-0.24725580794427265,65.59854145727124
2024-07-20,67139.97,68366.66,65777.0,68165.34,21819.11191,65687.04857142856,61229.02766666667,0.0152721247864721,0.03857106281102,0.0377287681890064,0.1132847049457472,29314.07471857143,-0.255677959496471,67532.01,0,5505.0,0.0,-0.007140265531926926,-0.2584406853942505,67.73418210547709
2024-07-21,68165.35,68474.55,66559.97,67532.01,21451.04303,66088.17285714285,61338.02766666667,-0.0092912308086148,0.0280872906836098,0.0218471336161488,0.1009811134944491,26851.226837142854,-0.2011149747419686,65936.01,0,5505.0,0.0,0.0,-0.2576035795268517,65.04812045672927
2024-07-22,67532.0,67750.98,65441.08,65936.01,31406.15316,66215.60428571429,61428.89433333334,-0.0236330924598709,0.0342045252620978,-0.0042224833365239,0.0733712647050029,25262.030267142854,0.2432157205055888,65376.0,0,5564.41015625,0.01079203564940956,0.0,-0.30527620789462806,58.727796999994986
2024-07-23,65936.0,67102.01,65111.0,65376.0,23082.56277,66399.60571428572,61598.31766666667,-0.0084930842028633,0.0301960992477553,-0.0154158402489653,0.0613276868010566,24335.606442857144,-0.0514901354851968,65799.95,1,5555.740234375,-0.001558102589770738,0.01079203564940956,-0.32433513379215084,56.647927174975315
2024-07-24,65376.01,66175.49,63456.7,65799.95,35126.42934,66658.46714285715,61731.449,0.0064846416904304,0.0415869674518222,-0.0128793412098307,0.065906455557199,26129.564562857144,0.3443174399443223,67907.99,1,5427.1298828125,-0.02314909375473495,-0.001558102589770738,-0.25900754351869937,57.86451640585137
2024-07-25,65799.95,68200.0,65722.63,67907.99,24244.36023,66836.75142857143,61966.21566666666,0.0320371064111752,0.0376500286094441,0.0160276875900141,0.0958873197178246,24502.369254285717,-0.0105299622909154,67896.5,0,5399.22021484375,-0.005142620237842288,-0.02314909375473495,-0.2677620233535035,63.36916731621189
2024-07-26,67908.0,69399.99,66650.0,67896.5,31710.21921,66944.82857142857,62172.55,-0.0001693467632679,0.0404958178712376,0.0142157571970778,0.0920655498286622,26977.125664285715,0.1754484004194819,68249.88,1,5459.10009765625,0.011090468702846357,-0.005142620237842288,-0.26902047857925665,63.320610214577115
2024-07-27,67896.49,68318.43,67066.66,68249.88,10868.69394,66956.90571428572,62433.28466666667,0.0052048345945423,0.0184364464201314,0.0193105441764525,0.0931649738498996,25412.78024,-0.5723138579346563,66784.69,0,5459.10009765625,0.0,0.011090468702846357,-0.2688534769434257,64.22847023131467
2024-07-28,68249.88,70079.99,66428.0,66784.69,36467.29633,66850.14571428571,62626.551666666666,-0.02146802309396,0.053509105070954,-0.0009791409365876,0.0663957734007974,27557.95928285714,0.3232945137808172,66188.0,0,5459.10009765625,0.0,0.0,-0.26165503829351117,57.83649058406154
2024-07-29,66784.68,67000.0,65302.67,66188.0,23132.25441,66886.14428571428,62740.418,-0.0089343843528185,0.0254149604370343,-0.0104378013289576,0.0549499367377501,26375.97374714286,-0.1229800790764826,64628.0,0,5463.5400390625,0.0008133101292933098,0.0,-0.26754912406741904,55.41771318044022
2024-07-30,66188.0,66849.24,64530.0,64628.0,22625.43905,66779.28714285714,62798.01833333333,-0.0235692270502205,0.0350401885538164,-0.0322148863053151,0.0291407549988772,26310.670358571428,-0.1400660362639092,65354.02,1,5436.43994140625,-0.004960171878030217,0.0008133101292933098,-0.2366717619687612,49.57978038980443
2024-07-31,64628.01,65659.78,62302.0,65354.02,35542.26854,66715.58285714286,62905.30333333333,0.0112336740679466,0.0519554911252876,-0.0204084682893104,0.0389270305826361,26370.07595857143,0.3478257929874185,61498.33,0,5522.2998046875,0.0157933986591674,-0.004960171878030217,-0.18672875805489528,52.108372374217396
2024-08-01,65354.02,65596.14,61230.01,61498.33,38820.42937,65799.91714285714,62948.295,-0.0589969828940896,0.0668073670143014,-0.0653737471054566,-0.0230342219753528,28452.37155,0.3644004789470703,60697.99,0,5446.68017578125,-0.013693502993456064,0.0157933986591674,-0.0013598565608785862,40.49385110858403
2024-08-02,61498.34,62198.22,59850.0,60697.99,28034.71567,64771.55857142857,63069.89433333333,-0.0130141724150602,0.0381834696676365,-0.0628913162084302,-0.037607552040558,27927.299615714284,0.0038462742822895,58161.0,0,5346.56005859375,-0.018381860868696753,-0.013693502993456064,0.09164380087511383,38.57198599610568
2024-08-03,60697.99,61117.63,57122.77,58161.0,31616.52003,63330.28999999999,63120.968,-0.0417969359446663,0.0658153589599919,-0.0816242906830206,-0.0785787695778049,30891.27477142857,0.0234773496379698,54018.81,0,5346.56005859375,0.0,-0.018381860868696753,0.08128218464153834,33.19397165417443
2024-08-04,58161.0,58305.59,49000.0,54018.81,162065.59186,61506.59285714285,62980.59066666666,-0.0712193738071904,0.1599970770791423,-0.1217395161935601,-0.1422943254708122,48833.88841857143,2.3187115977921344,56022.01,1,5346.56005859375,0.0,0.0,0.03526272269361779,26.658443519407214
2024-08-05,54018.82,57040.99,53950.0,56022.01,55884.77676,60054.30857142857,62986.064,0.037083186933739,0.0572206131122449,-0.0671442010964551,-0.110564997361956,53512.82018285714,0.0443250153708534,55134.16,0,5186.330078125,-0.02996879838863975,0.0,-0.09002342544611748,33.47956137071236
2024-08-06,56022.0,57736.05,54558.62,55134.16,44269.37684,58698.04571428571,62933.382,-0.0158480596908356,0.0567175395380386,-0.0607155769994969,-0.1239282198436434,56604.81129571429,-0.217922013577108,61685.99,1,5240.02978515625,0.010354085880061037,-0.02996879838863975,-0.11489912217898011,32.056506666907126
2024-08-07,55133.76,62745.14,54730.0,61685.99,48349.52949,58174.04142857144,63054.581666666665,0.1188424297562871,0.1453762631099348,0.0603696852614354,-0.0217048726752581,58434.42000285714,-0.1725847627539392,60837.99,0,5199.5,-0.007734647858502863,0.010354085880061037,-0.1601285070618309,49.21221968328151
2024-08-08,61686.0,61744.37,59535.0,60837.99,30972.48017,58079.70714285714,63158.31966666666,-0.0137472035794183,0.0358163926985053,0.0474913354910412,-0.0367383058781925,57313.28440285714,-0.4595933474638564,60923.51,1,5319.31005859375,0.023042611519136447,-0.007734647858502863,-0.17858296758359807,47.53908971894926
2024-08-09,60837.99,61470.58,60242.0,60923.51,9995.20621,58111.92428571429,63277.77366666667,0.0014057006156844,0.0201942897850504,0.0483822511273626,-0.0372052227859407,54736.21162285714,-0.8173931678197083,58712.59,0,5344.16015625,0.004671676849538509,0.023042611519136447,-0.17244930216881157,47.732085767036
2024-08-10,60923.51,61858.0,58286.73,58712.59,19189.84512,58190.72285714286,63305.223333333335,-0.0362900955640934,0.0586189141104968,0.0089682189399556,-0.072547462776505,52960.97235,-0.6376606344539669,59346.64,1,5344.16015625,0.0,0.004671676849538509,-0.17077195091681313,43.297385369755936
2024-08-11,58712.59,60711.09,57642.21,59346.64,37009.91743,58951.84142857143,63309.97733333333,0.0107992169992841,0.0522695387820567,0.0066969675901799,-0.0626020968616994,35095.87600285715,0.0545375025540616,60587.15,1,5344.16015625,0.0,0.0,-0.1847421852810339,44.8790192895415
2024-08-12,59346.64,61578.1,58392.88,60587.15,27858.95851,59604.00428571429,63302.952000000005,0.0209027840497794,0.0536714462689042,0.0164946252532457,-0.0429016643647203,31092.18768142857,-0.1039884746791164,58683.39,0,5344.39013671875,4.303397765514916e-05,0.0,-0.1861800473122974,47.938721499959534
2024-08-13,60587.16,61800.0,58433.18,58683.39,28422.76326,60111.03714285714,63101.59366666667,-0.0314220042662505,0.0555698600165447,-0.0237501665370414,-0.0700173071698596,28828.38574142857,-0.014070246078526,57541.06,0,5434.43017578125,0.016847579753558328,4.303397765514916e-05,-0.24210189236379828,43.910382117450986
2024-08-14,58683.39,59849.38,56078.54,57541.06,37686.17622,59518.90428571428,62851.496,-0.0194659851791111,0.0642573648182219,-0.0332305224608948,-0.0844917995269357,27305.04956,0.380190727623056,58874.6,1,5455.2099609375,0.0038237284285767004,0.016847579753558328,-0.25066644868631593,41.648830601907314
2024-08-15,57541.05,59817.76,57098.62,58874.6,27610.84344,59238.42,62677.71633333333,0.0231756285295453,0.0472556548759537,-0.0061416222782444,-0.0606773276982134,26824.81574142857,0.0293022590033107,59491.99,1,5543.22021484375,0.016133247764330783,0.0038237284285767004,-0.19732649092364554,45.19729468893825
2024-08-16,58874.59,59700.0,58785.05,59491.99,7721.72931,59033.91714285714,62527.852,0.0104866972322015,0.0155406602406912,0.0077594860600958,-0.048552155605793,26500.033327142857,-0.7086143547566425,58427.35,0,5554.25,0.001989779357261412,0.016133247764330783,-0.19818952911978388,46.810014602087016
2024-08-17,59491.99,60284.99,58408.92,58427.35,13634.85717,58993.16857142857,62253.43033333333,-0.0178955183714647,0.0315348335128813,-0.0095912558204681,-0.0614597510988028,25706.46362,-0.4695942090069564,59438.5,1,5554.25,0.0,0.001989779357261412,-0.17423095954920007,44.38443507169864
2024-08-18,58427.35,59617.63,57787.3,59438.5,22809.31251,59006.29142857143,61996.715,0.0173061074993132,0.0313265961916806,0.0073247879330252,-0.0412637185696048,23677.805774285716,-0.0366796346149989,59013.8,0,5554.25,0.0,0.0,-0.16799543666414773,47.18368900382709
2024-08-19,59438.5,61400.0,58548.23,59013.8,31477.44548,58781.527142857136,61691.66366666667,-0.0071452005013584,0.0479784987844578,0.0039514600663295,-0.0434072208059704,24194.732484285712,0.3010040718757419,61156.03,1,5608.25,0.009722284736913167,0.0,-0.16880013836457783,46.13339066832433
2024-08-20,59013.8,61820.93,58783.47,61156.03,27983.6422,59134.76142857143,61479.131,0.0363004924271949,0.0514703340574577,0.0341807174426508,-0.0052554581488798,24132.00090428572,0.1596072083285166,60375.84,0,5597.1201171875,-0.0019845553982971165,0.009722284736913167,-0.17421555942372363,51.94418197588035
2024-08-21,61156.03,61400.0,59724.87,60375.84,21241.20588,59539.73,61293.792,-0.0127573683249223,0.0273910847384959,0.0140428920319255,-0.0149762638278277,21782.719427142853,-0.0248597769876283,64037.24,1,5620.85009765625,0.004239676828782013,-0.0019845553982971165,-0.16156863725829765,49.83567543121939
2024-08-22,60375.83,64955.0,60342.14,64037.24,38118.07089,60277.25,61249.16666666666,0.0606436383566072,0.0764024279252144,0.062378260454815,0.0455201839480809,23283.75192,0.6371103343210676,64157.01,1,5570.64013671875,-0.008932805548120926,0.004239676828782013,-0.19966125642270097,58.37500405921104
2024-08-23,64037.24,64494.5,63531.0,64157.01,15857.15616,60943.68142857143,61194.402,0.0018703179587378,0.0150459326479404,0.0527261973038949,0.0484130558216746,24445.955755714287,-0.3513382614916432,64220.0,1,5634.60986328125,0.01148337085011919,-0.008932805548120926,-0.19696203152440156,58.623129873921144
2024-08-24,64157.02,65000.0,63773.27,64220.0,12305.47977,61771.20285714286,61071.469,0.0009816540730851,0.0191207446979302,0.0396430218223276,0.0515548594385375,24256.04469857143,-0.4926839918494734,62834.0,0,5634.60986328125,0.0,0.01148337085011919,-0.1820783106157528,58.76235571052784
2024-08-25,64219.99,64481.0,62800.0,62834.0,19470.05276,62256.274285714295,60902.719,-0.0215819093089238,0.0261756502920663,0.0092797990389584,0.0317109158952329,23779.007591428566,-0.1812083542536814,59415.0,0,5634.60986328125,0.0,0.0,-0.18264826325894773,54.42303950170442
2024-08-26,62834.0,63212.0,58034.01,59415.0,35135.94178,62313.58857142857,60608.223,-0.0544132157748989,0.0824074545628162,-0.0465161554306246,-0.0196874770606621,24301.64992,0.4458253614740577,59034.9,0,5616.83984375,-0.0031537266931381813,0.0,-0.15668582748641668,45.49757367326955
2024-08-27,59415.0,60234.98,57860.0,59034.9,36868.54275,62010.57,60349.89666666666,-0.0063973744004039,0.0399727341580409,-0.047986496495678,-0.0217895429702198,25570.921427142857,0.441815182728027,59359.01,1,5625.7998046875,0.0015951960865450143,-0.0031537266931381813,-0.15903741428057738,44.62143058272963
2024-08-28,59034.9,61166.99,58713.09,59359.01,27020.90743,61865.30857142858,60122.263666666666,0.0054901422717748,0.0415669375233972,-0.0405121808862368,-0.0126950254384688,26396.593077142858,0.0236513231473702,59123.99,0,5592.18017578125,-0.00597597320797616,0.0015951960865450143,-0.1630815515520365,45.58369645905744
2024-08-29,59359.0,59944.07,57701.1,59123.99,28519.32195,61163.41571428571,59938.79666666666,-0.0039591300392527,0.0377865193146785,-0.0333438819671637,-0.0135939777236101,25025.34322857143,0.1396176144125566,58973.99,0,5591.9599609375,-3.937906806072977e-05,-0.00597597320797616,-0.17544894958540008,44.97344810979868
2024-08-30,59123.99,59462.38,58744.0,58973.99,8798.409,60422.98428571429,59726.129,-0.0025370412247211,0.0121503978334344,-0.0239808460777544,-0.0125931315588861,24016.950777142854,-0.6336583656417566,57301.86,0,5648.39990234375,0.010093051774424433,-3.937906806072977e-05,-0.19801060183158126,44.56338905577604
2024-08-31,58974.0,59076.59,57201.0,57301.86,20705.15741,59434.67857142857,59586.246666666666,-0.0283538508495269,0.0318036761962898,-0.0358850863282679,-0.0383374821281465,25216.90472571429,-0.1789175699709707,59132.13,1,5648.39990234375,0.0,0.010093051774424433,-0.28960646732045064,40.16675399588648
2024-09-01,57301.77,59425.69,57128.0,59132.13,22895.01461,58905.84,59534.05133333334,0.0319424687928488,0.0400980632884464,0.0038415545894939,-0.0067511167866431,25706.18499,-0.1093577433249461,57487.73,0,5648.39990234375,0.0,0.0,-0.3369798123239624,46.40028975255367
2024-09-02,59132.12,59809.65,57415.0,57487.73,22828.18447,58630.51571428572,59511.609,-0.0278087442154957,0.04049660319975,-0.0194913126784465,-0.0340081378071965,23947.933945714285,-0.0467576651185258,57970.9,1,5648.39990234375,0.0,0.0,-0.3441045520875087,42.15135180989129
2024-09-03,57487.74,58519.0,55606.0,57970.9,35560.82146,58478.51571428571,59643.34533333333,0.0084045746101691,0.0506716736472854,-0.0086803795904434,-0.0280407700806587,23761.11661857143,0.4965972361840121,56180.0,0,5528.93017578125,-0.02115107439771169,0.0,-0.36621046015273034,43.78036606731177
2024-09-04,57970.9,58327.07,55643.65,56180.0,27806.91413,58024.37142857142,59648.61166666666,-0.0308930860138449,0.0462890864209456,-0.0317861509424856,-0.0581507527124059,23873.40329,0.1647653998978711,53962.97,0,5520.06982421875,-0.0016025435809103872,-0.02115107439771169,-0.2947806060555907,39.35647959429354
2024-09-05,56180.0,57008.0,52550.0,53962.97,54447.76826,57287.08285714286,59609.57200000001,-0.0394629761480953,0.0793520825916696,-0.0580255214850478,-0.094726430849059,27577.467048571427,0.9743571142376004,54160.86,1,5503.41015625,-0.003018017615584734,-0.0016025435809103872,-0.25157655770376824,34.68408281244385
2024-09-06,53962.97,54850.0,53745.54,54160.86,16694.04774,56599.49285714286,59358.73433333333,0.0036671443399056,0.0204669980173441,-0.0430857722223407,-0.0875671355144516,28705.41544,-0.4184355988543741,54869.95,1,5408.419921875,-0.01726024985928465,-0.003018017615584734,-0.16121249904044196,35.42105547209482
2024-09-07,54160.86,55318.0,53629.01,54869.95,16274.14779,56252.07714285714,59159.799666666666,0.0130922958018021,0.0311846968456556,-0.0245702419014165,-0.0725129174006274,28072.414065714285,-0.4202797183062313,57042.0,1,5408.419921875,0.0,-0.01726024985928465,-0.14452627878920093,38.115542699241814
2024-09-08,54869.95,58088.0,54591.96,57042.0,32384.51737,55953.48714285715,59030.416,0.0395854197060504,0.0637150206989436,0.0194538877329258,-0.033684600833577,29428.05731714286,0.100463989892221,57635.99,1,5408.419921875,0.0,0.0,-0.14497746147140766,45.60268051438801
2024-09-09,57042.01,58044.36,56386.4,57635.99,23626.78126,55974.66714285714,58994.52933333333,0.0104130271706764,0.0290655956899134,0.0296799059635829,-0.0230282256454197,29542.142572857145,-0.2002346748638362,57338.0,0,5471.0498046875,0.0115800702824842,0.0,-0.12712429506742642,47.474227303337415
2024-09-10,57635.99,57981.71,55545.19,57338.0,33026.56757,55884.25285714286,58927.57466666667,-0.0051702070182189,0.0422742803585051,0.0260135381352123,-0.0269750566803122,29180.106302857144,0.1318179319575073,58132.32,1,5495.52001953125,0.004472672652839682,0.0115800702824842,-0.1281493430582064,46.60788440540535
2024-09-11,57338.0,58588.0,57324.0,58132.32,31074.40631,56163.15571428572,58845.747,0.0138532910111967,0.0220447172904531,0.0350614964681089,-0.012123679898226,29646.8909,0.0481505940982162,60498.0,1,5554.1298828125,0.010665025888896507,0.004472672652839682,-0.09917073432467007,49.26562575752516
2024-09-12,58132.31,60625.0,57632.62,60498.0,29825.23333,57096.73142857143,58906.234,0.0406949250769495,0.0514753327366484,0.0595702851341602,0.0270220296208376,26129.385910000005,0.1414440979489515,59993.03,0,5595.759765625,0.007495302358939249,0.010665025888896507,0.02460485059237725,56.25043440932279
2024-09-13,60497.99,60610.45,59400.0,59993.03,12137.90901,57929.898571428566,58987.96633333333,-0.008346723585362,0.0200081027485375,0.035614276555785,0.0170384525716174,25478.50894857143,-0.5236020665691048,59132.0,0,5626.02001953125,0.005407711405364557,0.007495302358939249,0.02737780996029032,54.52483174797352
2024-09-14,59993.02,60395.8,58691.05,59132.0,13757.92361,58538.76285714285,58996.54633333333,-0.0143520029496764,0.028415805705397,0.0101340908810265,0.0022959592566884,25119.04835142857,-0.4522912087464667,58213.99,0,5626.02001953125,0.0,0.005407711405364557,-0.03059822826124205,51.61715341272955
2024-09-15,59132.0,59210.7,57493.3,58213.99,26477.5642,58706.19,58953.94633333333,-0.0155247581681661,0.0290434959074611,-0.0083841243998289,-0.0125514300459128,24275.19789857143,0.0907249576555739,60313.99,1,5626.02001953125,0.0,0.0,-0.032002599416804195,48.63897796358687
2024-09-16,58213.99,61320.0,57610.01,60313.99,33116.25878,59088.76142857143,59016.83433333333,0.0360738028779679,0.0637302133043963,0.0207353909915622,0.0219794179291317,25630.83754428571,0.2920474690997029,61759.99,1,5633.08984375,0.0012566297656613212,0.0,-0.027823548699303608,55.03084228892518
2024-09-17,60313.99,61786.24,59174.8,61759.99,36087.02469,59720.474285714285,59094.21733333333,0.0239745372508103,0.0432974173985172,0.0341510300894175,0.0451105503543572,26068.045704285712,0.3843394744419647,62947.99,1,5634.580078125,0.00026455008109871336,0.0012566297656613212,-0.02718305656675965,58.83016912577598
2024-09-18,61759.98,63850.0,61555.0,62947.99,34332.52608,60408.427142857145,59225.357,0.0192359194416836,0.0371599861269385,0.0420398771704013,0.0628553914837525,26533.49138571429,0.2939317175004244,63201.05,1,5618.259765625,-0.002896455862498093,0.00026455008109871336,-0.021960281383287653,61.6936574780312
2024-09-19,62948.0,64133.32,62350.0,63201.05,25466.37794,60794.57714285714,59293.524333333335,0.0040199847493169,0.0283300502001652,0.0395836762132262,0.0659013899173801,25910.797758571425,-0.0171519156882929,63348.96,1,5713.64013671875,0.01697685316676334,-0.002896455862498093,-0.0008139869157016386,62.295252346236815
2024-09-20,63201.05,63559.9,62758.0,63348.96,8375.34608,61273.99571428572,59392.62833333333,0.0023403092195461,0.0126880803404374,0.0338637012573755,0.0666131770505638,25373.28876857143,-0.6699148401142976,63578.76,1,5702.5498046875,-0.0019410273951238066,0.01697685316676334,0.007957647591223029,62.66432861164195
2024-09-21,63348.97,64000.0,62357.93,63578.76,14242.19892,61909.24714285715,59377.34566666666,0.0036273675799306,0.0259210212889017,0.0269670999760408,0.0707578670983256,25442.470955714285,-0.4402195075788715,63339.99,0,5702.5498046875,0.0,-0.0019410273951238066,0.12205611293274911,63.265953809227994
2024-09-22,63578.76,64745.88,62538.75,63339.99,24078.05287,62641.53285714285,59350.11166666666,-0.0037554994781276,0.0347148953518438,0.011150064677536,0.0672261301839168,25099.68362285714,-0.0407029334794797,64262.7,1,5702.5498046875,0.0,0.0,0.1226650522228572,62.14541839567542
2024-09-23,63339.99,64688.0,62700.0,64262.7,23185.04759,63205.63428571428,59351.535,0.0145675741344449,0.0313861748320452,0.0167242323604785,0.082747059532664,23680.939167142857,-0.0209405367600835,63152.01,0,5718.56982421875,0.0028092730585327352,0.0,0.12861660278785206,64.74412458507561
2024-09-24,64262.7,64817.99,62947.08,63152.01,17813.11168,63404.49428571428,59362.135333333325,-0.0172835875243336,0.0291134670656538,-0.0039821196992208,0.0638433008749698,21070.380165714283,-0.1545899248184666,65173.99,1,5732.93017578125,0.0025111788443470395,0.0028092730585327352,0.11964009231056803,59.45325915968742
2024-09-25,63152.01,65839.0,62670.0,65173.99,28373.30593,63722.49428571428,59554.10166666667,0.0320176665794168,0.0501805089022503,0.0227783882372464,0.0943661003366098,20219.06300142857,0.4032947979832343,65769.95,1,5722.259765625,-0.0018612489301417234,0.0025111788443470395,0.06608812166081936,65.05229992209095
2024-09-26,65173.99,66498.0,64819.9,65769.95,22048.80487,64089.48,59778.603333333325,0.0091441386356735,0.025748001618437,0.0262206839562436,0.1002256046909985,19730.83827714285,0.1174793772215136,65858.0,1,5745.3701171875,0.00403867571712313,-0.0018612489301417234,0.07219775098355323,66.51977581235656
2024-09-27,65769.95,66260.0,65422.23,65858.0,9127.23316,64447.91428571428,59995.23633333333,0.0013387572896133,0.0127378840944838,0.021879462352101,0.0977204862414938,19838.25071714286,-0.5399174407997138,65602.01,0,5738.169921875,-0.0012532169669905446,0.00403867571712313,0.07693635532661189,66.74197667497711
2024-09-28,65858.0,66076.12,65432.0,65602.01,8337.74111,64736.95,60211.17033333333,-0.0038869993015276,0.0097804366971361,0.0133626931759991,0.089532218636884,18994.756744285714,-0.5610503876282446,63327.59,0,5738.169921875,0.0,-0.0012532169669905446,0.0768593571147311,65.38334160926571
2024-09-29,65602.01,65618.8,62856.3,63327.59,30011.08752,64735.17857142857,60356.29033333333,-0.0346699742888975,0.0421099902274335,-0.0217437968426309,0.04922932887785,19842.333122857144,0.5124777582445221,60805.78,0,5738.169921875,0.0,0.0,0.09291472457868709,54.72433778477525
2024-09-30,63327.6,64130.63,60164.0,60805.78,43671.48108,64241.33285714286,60473.08766666667,-0.0398218154485563,0.0626366702669925,-0.0534788539456784,0.0055014940723244,22768.96647857143,0.9180264998457688,60649.28,0,5762.47998046875,0.004236552581176722,0.0,0.05332860631369298,45.80747233274831
2024-10-01,60804.92,62390.31,60000.0,60649.28,31534.70118,63883.8,60523.65933333334,-0.0025596612905666,0.0393111281126592,-0.0506313024585262,0.002075562979013,24729.19355,0.27520135730427,60752.71,1,5708.75,-0.009324107094664358,0.004236552581176722,0.06551884854538222,45.314013540510466
2024-10-02,60649.27,61477.19,59828.11,60752.71,26221.43472,63252.188571428575,60632.492,0.0017055440238605,0.0271904344438111,-0.0395160804373748,0.001982732294757,24421.783377142856,0.0736904146214603,62086.0,1,5709.5400390625,0.00013839090212397487,-0.009324107094664358,0.06512184315556638,45.73010653005457
2024-10-03,60752.72,62484.85,60459.9,62086.0,21294.65994,62725.91,60769.662,0.0219460132813806,0.0333310179363162,-0.0102016853960348,0.0216611045162633,24314.04838714286,-0.1241828756390685,62058.0,0,5699.93994140625,-0.001681413492255035,0.00013839090212397487,0.09960661399819573,50.914849760782346
2024-10-04,62086.0,62370.56,61689.26,62058.0,7807.46141,62183.05285714286,60965.59533333334,-0.000450987340141,0.0109734883870759,-0.0020110440288313,0.0179183793858465,24125.509565714285,-0.6763814920164218,62819.91,1,5751.06982421875,0.008970249395274354,-0.001681413492255035,0.06915513889326709,50.80507727638791
2024-10-05,62058.01,62975.0,61798.97,62819.91,8906.86177,61785.61,61260.82666666666,0.012277222553543,0.0189504948676246,0.0167401438619769,0.0254499231918082,24206.81251714286,-0.6320514415645467,62224.0,0,5751.06982421875,0.0,0.008970249395274354,0.01575747184388742,53.728508310045136
2024-10-06,62819.91,64478.19,62128.0,62224.0,25966.1852,61627.954285714295,61529.598,-0.0094860053126469,0.0374115467532507,0.0096716777506903,0.0112856580015361,23628.969328571427,0.0989131535501416,62160.49,0,5751.06982421875,0.0,0.0,0.018854727916591894,51.16740192380019
2024-10-07,62224.01,63200.0,61860.31,62160.49,19702.22371,61821.48428571429,61772.616,-0.0010208278122866,0.0215301135365593,0.005483623018803,0.0062790606115822,20204.789704285715,-0.0248736067853809,60636.02,0,5695.93994140625,-0.009586022165882668,0.0,0.04341820301745739,50.88898683837445
2024-10-08,62160.5,62543.75,60301.0,60636.02,20011.15684,61819.58999999999,61892.41666666666,-0.0245248992527409,0.0360799864865951,-0.0191455491697695,-0.0202996866875182,18558.56908428571,0.078270460891527,60326.39,0,5751.1298828125,0.009689347495581924,-0.009586022165882668,-0.004026211518694999,44.613756865454214
2024-10-09,60636.01,61321.68,58946.0,60326.39,23967.92481,61758.68714285714,61982.09666666667,-0.0051062066913704,0.0391793589320933,-0.0231918327464445,-0.0267126598761395,18236.63909714286,0.3142731334610369,62540.0,1,5792.0400390625,0.007113411987488272,0.009689347495581924,-0.04317160928075374,43.442034205277714
2024-10-10,60326.4,63417.56,60087.64,62540.0,23641.35209,61823.54428571429,62155.49666666667,0.0366937194992573,0.0551983874389984,0.0115887195171899,0.0061861517316059,18571.880832857143,0.2729648818429855,63206.22,1,5780.0498046875,-0.002070122839989974,0.007113411987488272,-0.07632094923552056,52.954933116314095
2024-10-11,62539.99,63480.0,62487.23,63206.22,10911.30116,61987.57571428572,62324.62666666667,0.0106528638715804,0.0158741630754977,0.0196594925946334,0.0141451843433959,19015.28651142857,-0.4261826581765103,62870.02,0,5815.02978515625,0.006051847587953629,-0.002070122839989974,-0.10033005791204373,55.38703322504489
2024-10-12,63206.23,63285.72,62050.0,62870.02,11909.21995,61994.73428571428,62403.694,-0.0053192541304869,0.0195506044261776,0.0141187106351936,0.0074727307008459,19444.194822857145,-0.3875179682935284,66083.99,1,5815.02978515625,0.0,0.006051847587953629,-0.18926851193880248,53.87344808270985
2024-10-13,62870.02,66500.0,62457.81,66083.99,37669.95222,62546.16142857143,62606.726,0.0511208681021575,0.0642943965979333,0.0565634803259481,0.0555413806497404,21116.16154,0.7839393844682625,67074.14,1,5815.02978515625,0.0,0.0,-0.17716003880830067,64.00124577707598
2024-10-14,66084.0,67950.0,64800.01,67074.14,43683.95423,63248.11142857142,62871.464,0.0149830518733732,0.0476664548150838,0.0604923765312654,0.0668455247041805,24542.12304285714,0.779958243780136,67620.01,1,5859.85009765625,0.0077076668832223305,0.0,-0.15854178616265552,66.44556442403831
2024-10-15,67074.14,68424.0,66750.49,67620.01,29938.25544,64245.82428571429,63184.998,0.0081383078485985,0.0249501521748917,0.052519922528817,0.0701909019606203,25960.279985714285,0.1532331491214563,67421.78,0,5815.259765625,-0.007609466332438197,0.0077076668832223305,-0.17116113153623566,67.74582157717279
2024-10-16,67620.0,67939.4,66666.0,67421.78,25328.22861,65259.45142857143,63421.924333333336,-0.0029313812481514,0.0188317065956816,0.03313433570301,0.06306739678292,26154.6091,-0.031595979387052,68428.0,1,5842.47021484375,0.004679145956573816,-0.007609466332438197,-0.1865511606715166,66.7344878680022
2024-10-17,67421.78,69000.0,67192.36,68428.0,28725.635,66100.5942857143,63644.191333333336,0.0149242574135539,0.0268109207440088,0.0352100573290716,0.0751648904078567,26880.93523,0.0686248359373023,68378.0,0,5841.47021484375,-0.00017116047891174713,0.004679145956573816,-0.1877156937062567,69.24432467727081
2024-10-18,68427.99,68693.26,68010.0,68378.0,8193.66737,66839.42,63825.191666666666,-0.0007305490048736,0.0099850952804546,0.0230190507338334,0.071332466294983,26492.70183142857,-0.6907198283460932,69031.99,1,5864.669921875,0.00397155273894878,-0.00017116047891174713,-0.17210443182921023,68.96587465217976
2024-10-19,68377.99,69400.0,68100.0,69031.99,12442.47378,67719.70142857144,64019.55633333333,0.0095644812022114,0.0190119656924691,0.019378239179225,0.0782953515105325,26568.88095,-0.5316899570058858,67377.5,0,5864.669921875,0.0,0.00397155273894878,-0.2116943386425111,70.6295169487573
2024-10-20,69032.0,69519.52,66840.67,67377.5,31374.42184,67904.48857142858,64153.841,-0.0239671456715726,0.0388059160968826,-0.0077607325011253,0.0502488853317449,25669.51946714285,0.2222442216013998,67426.0,1,5864.669921875,0.0,0.0,-0.19700493081826323,61.62871368934564
2024-10-21,67377.5,67836.01,66571.42,67426.0,24598.96268,67954.75428571428,64282.08233333333,0.0007198248673518,0.0187687284330822,-0.0077809756104944,0.0489081490914365,22943.09210285714,0.0721729472958291,66668.65,0,5853.97998046875,-0.0018227694906369774,0.0,-0.1939456067347051,61.78246540680602
2024-10-22,67426.01,67472.83,65260.0,66668.65,25530.2407,67818.84571428571,64393.03766666666,-0.0112324605890219,0.0328186407589593,-0.016959824399421,0.0353394158094099,22313.375711428573,0.1441675625496592,68198.28,1,5851.2001953125,-0.0004748538883844189,-0.0018227694906369774,-0.18770531277294103,57.882165835968756
2024-10-23,66668.65,68850.0,66510.0,68198.28,22589.83877,67929.77428571429,64524.223666666665,0.0229437674229192,0.0350989558060647,0.0039526955169373,0.0569407289937121,21922.177162857144,0.0304559899403639,66698.33,0,5797.419921875,-0.009191323428069387,-0.0004748538883844189,-0.25409769285989614,62.967198470524615
2024-10-24,68198.27,68771.49,65596.29,66698.33,34479.71125,67682.67857142857,64642.43433333333,-0.021993813039539,0.0465583657767273,-0.0145435817879124,0.0318041188867563,22744.188055714283,0.5159789905684177,67092.76,1,5809.85986328125,0.002145772011323821,-0.009191323428069387,-0.25236867450810824,55.84684678957807
2024-10-25,66698.32,67454.55,66439.9,67092.76,11842.9077,67499.07285714286,64706.39333333333,0.0059137921314957,0.0152125270921367,-0.0060195324164348,0.0368799208815944,23265.50810285714,-0.4909671584371879,68021.7,1,5808.1201171875,-0.00029944716993013376,0.002145772011323821,-0.23931008822216224,57.216899171184366
2024-10-26,67092.76,68332.05,66913.73,68021.7,8653.19592,67354.74571428572,64781.45166666667,0.0138456071862299,0.021139687799399,0.009902112741149,0.0500181494852268,22724.18269428571,-0.6192076064334777,69962.21,1,5808.1201171875,0.0,-0.00029944716993013376,-0.2526756225591441,60.33829759649838
2024-10-27,68021.69,70270.0,67618.0,69962.21,29046.75459,67723.99,64918.25866666667,0.0285279592435883,0.0389875641137407,0.0330491455095897,0.077696959791117,22391.65880142857,0.2972131652946962,72736.42,1,5808.1201171875,0.0,0.0,-0.2490558412716128,65.93019839117525
2024-10-28,69962.21,73620.12,69760.0,72736.42,50128.60594,68482.62142857142,65156.07233333334,0.039652978372181,0.055174357699678,0.062115007905551,0.11634138454335,26038.750695714287,0.9251540339164837,72344.74,0,5823.52001953125,0.0026514435020339455,0.0,-0.2096577918553517,72.00666227913399
2024-10-29,72736.41,72961.0,71436.0,72344.74,26885.99056,69293.49142857143,65456.644,-0.0053847859689528,0.0209661158696174,0.0440336965063138,0.1052314261635534,26232.429247142856,0.0249142504759953,70292.01,0,5832.919921875,0.001614127248163344,0.0026514435020339455,-0.23305271988990228,70.10553850495857
2024-10-30,72344.75,72700.0,69685.76,70292.01,29352.10297,69592.59571428571,65772.85166666667,-0.0283744155588346,0.041664944588239,0.0100501249958508,0.0687085662065586,27198.46699,0.0791822561467095,69496.01,0,5813.669921875,-0.003300233889343751,0.001614127248163344,-0.13537385783169306,61.01372772282425
2024-10-31,70292.01,71632.95,68820.14,69496.01,38301.86755,69992.26428571428,66067.74266666667,-0.011324188908526,0.0400160701052651,-0.0070901304705407,0.0518901841497756,27744.489318571428,0.3805216275637751,69374.74,0,5705.4501953125,-0.018614700871699585,-0.003300233889343751,-0.04228250982887449,57.87910150719852
2024-11-01,69496.0,69914.37,69000.14,69374.74,10521.67243,70318.26142857144,66355.14366666667,-0.0017448486243811,0.0131551456198917,-0.0134178719638831,0.0455065902426825,27555.74142285714,-0.618167688956741,68775.99,0,5728.7998046875,0.004092509543626166,-0.018614700871699585,-0.049729403487645735,57.395308496951706
2024-11-02,69374.74,69391.0,67478.73,68775.99,24995.70243,70426.01714285715,66578.14333333334,-0.0086306629761783,0.0275643555565037,-0.0234292270072594,0.0330115343659077,29890.38521,-0.163754422889219,67850.01,0,5728.7998046875,0.0,0.004092509543626166,-0.03940915914107006,54.952970240336285
2024-11-03,68775.99,69500.0,66835.0,67850.01,29800.39187,70124.27428571429,66771.21033333334,-0.0134637102279445,0.0387489878371798,-0.0324319119004074,0.0161566588546336,29998.047678571427,-0.0065889557443639,69372.01,1,5728.7998046875,0.0,0.0,-0.029504635849527765,51.316131140112816
2024-11-04,67850.01,70577.91,67476.63,69372.01,33355.06888,69643.64428571428,66989.61366666667,0.022431831623901,0.0457078783039235,-0.0039003456596829,0.0355636673050225,27601.828098571423,0.2084369470341835,75571.99,1,5712.68994140625,-0.002812083478299976,0.0,-0.04534212265113137,56.42124533292786
2024-11-05,69372.01,76400.0,69298.0,75571.99,104126.994787,70104.68000000001,67434.54666666668,0.0893729329739762,0.1023755834665883,0.0779878033820281,0.1206717288922729,38636.25727385714,1.6950590490413924,75857.89,1,5782.759765625,0.012265644545291332,-0.002812083478299976,0.20293427836717273,70.15203302528887
2024-11-06,75571.99,76849.99,74416.0,75857.89,44869.422345,70899.80571428571,67891.12666666666,0.0037831476979763,0.0322075679097507,0.0699308585653186,0.1173461647270743,40853.01718457143,0.0983135503133758,76509.78,1,5929.0400390625,0.025295927786425976,0.012265644545291332,0.1382495442071906,70.61186713303363
2024-11-07,75857.89,77199.99,75555.0,76509.78,36521.099583,71901.77285714286,68420.25200000001,0.0085935688430036,0.0216851536471684,0.0640875316386495,0.1182329465842948,40598.62176071428,-0.1004349901764384,76677.46,1,5973.10009765625,0.007431229727488331,0.025295927786425976,0.1979031863107812,71.68308357987642
2024-11-08,76509.78,76900.0,75714.66,76677.46,16942.07915,72945.01857142858,68965.28766666666,0.0021916152418685,0.0154926598926306,0.0511678727577069,0.1118268710863496,41515.822720714285,-0.5919127205072401,80370.01,1,5995.5400390625,0.0037568333092317108,0.007431229727488331,0.213158745180046,71.96614436020212
2024-11-09,76677.46,81500.0,76492.0,80370.01,61830.100435,74601.30714285714,69559.62133333333,0.0481569159959131,0.0653125442600733,0.077327101602873,0.1554118389296963,46777.87957857143,0.32178074320675,88647.99,1,5995.5400390625,0.0,0.0037568333092317108,0.21773535420777976,77.33837442590809
2024-11-10,80370.01,89530.54,80216.01,88647.99,82323.665776,77572.44714285714,70407.68033333334,0.102998369665501,0.1158955933936053,0.1427767624340403,0.2590670446790887,54281.20442228572,0.5166145750111829,87952.01,0,5995.5400390625,0.0,0.0,0.1622489626661108,84.50648164594546
2024-11-11,88648.0,89940.0,85072.0,87952.01,97299.887911,80226.73285714285,71243.74666666666,-0.0078511641548597,0.0549138164425593,0.0962930542941751,0.2345225246435664,63416.17856957142,0.5343070192136551,90375.2,1,6001.35009765625,0.0009690634297987444,0.0,0.15939957306664912,82.15361569177827
2024-11-12,87952.0,93265.64,86127.99,90375.2,86763.854127,82341.47714285714,72053.45366666667,0.0275513916681826,0.0811539248681098,0.0975659307544953,0.2542799186017273,60935.72990385715,0.4238584532243038,87325.59,0,5983.990234375,-0.00289265965137242,0.0009690634297987444,0.15901944409817087,83.84058855179845
2024-11-13,90375.21,91790.0,86668.21,87325.59,56729.51086,83979.72,72728.50200000001,-0.0337439879807749,0.0566725100832406,0.0398414045676741,0.2007065675572417,62630.028263142856,-0.094212274315949,91032.07,1,5985.3798828125,0.00023222772482434095,-0.00289265965137242,0.15474843036514133,74.31919784519715
2024-11-14,87325.59,91850.0,87073.38,91032.07,47927.95068,86054.33285714287,73508.904,0.0424443739801816,0.0546989719737363,0.0578441198436873,0.2383815435474322,64259.57841985714,-0.2541508696672437,90586.92,0,5949.169921875,-0.006049734794859041,0.00023222772482434095,0.11538239296535877,77.64251012545563
2024-11-15,91032.08,91779.66,90056.17,90586.92,22717.87689,88041.39857142858,74281.07533333333,-0.0048901442216854,0.0189327762256998,0.028912778191571,0.2195154633060285,65084.69238271429,-0.6509490010890242,89855.99,0,5870.6201171875,-0.013203489851361216,-0.006049734794859041,0.14875104143118104,76.36435763593542
2024-11-16,90587.98,91449.99,88722.0,89855.99,23867.55609,89396.53857142858,74995.34166666666,-0.0080804318630351,0.0301142601921359,0.0051394767170355,0.1981542853606131,59661.471762,-0.5999502629567732,90464.08,1,5870.6201171875,0.0,-0.013203489851361216,0.14874070721801141,74.20429551028681
2024-11-17,89855.98,92594.0,89376.9,90464.08,46545.03448,89655.98000000001,75731.54433333334,0.0067674961644178,0.0358028480686539,0.0090133418875125,0.1945363163574378,54550.23871971429,-0.1467492063755393,92310.79,1,5870.6201171875,0.0,0.0,0.15580838898253377,74.84186960166016
2024-11-18,90464.07,93905.51,90357.0,92310.79,43660.04682,90278.66285714286,76507.50433333333,0.0204138504933504,0.0392256284732711,0.0225094953618528,0.2065586350564225,46887.40427814286,-0.0688320777793051,94286.56,1,5893.6201171875,0.003917814394541086,0.0,0.16070237852576807,76.72342843760876
2024-11-19,92310.8,94831.97,91500.0,94286.56,42203.198712,90837.42857142857,77404.473,0.0214033460873483,0.0360951264640757,0.0379703772202144,0.2181022148422869,40521.59636171429,0.0414989166585383,98317.12,1,5916.97998046875,0.003963584828470035,0.003917814394541086,0.16778354873352883,78.57006982417163
2024-11-20,94286.56,98988.0,94040.0,98317.12,69228.360477,92407.64714285715,78434.17699999998,0.0427479801999351,0.0524783171641854,0.063950041364078,0.2534984589689775,42307.146307,0.6363278197647119,98892.0,1,5917.10986328125,2.195086225209586e-05,0.003963584828470035,0.16032455344704075,81.75076407968113
2024-11-21,98317.12,99588.01,97122.11,98892.0,46189.309243,93530.49428571427,79508.28866666666,0.005847201382628,0.0250810845557721,0.0573236114620281,0.243794850302945,42058.768958857145,0.0982087775365809,97672.4,0,5948.7099609375,0.0053404615405816536,2.195086225209586e-05,0.1517191145832942,82.1575373962046
2024-11-22,98892.0,98908.85,97136.0,97672.4,24757.84367,94542.70571428572,80490.75933333334,-0.0123326457145169,0.0179271326295353,0.0331034981712119,0.2134610334027659,42350.19278457143,-0.415401866151138,97900.04,1,5969.33984375,0.003467959094991535,0.0053404615405816536,0.1593852023223116,78.17638978359687
2024-11-23,97672.4,98564.0,95734.77,97900.04,31200.97838,95691.85571428572,81530.81633333332,0.0023306481667287,0.0289665248319893,0.023075989792772,0.2007734547847796,43397.82454028572,-0.2810474093917662,93010.01,0,5969.33984375,0.0,0.003467959094991535,0.1707224051924564,78.38690988776742
2024-11-24,97900.05,98871.8,92600.19,93010.01,50847.45096,96055.55999999998,82394.72466666668,-0.0499493105468282,0.0640613564548741,-0.0317061292443663,0.1288345264369552,44012.455466,0.1552968454414022,91965.16,0,5969.33984375,0.0,0.0,0.16706371193637387,64.08562026155379
2024-11-25,93010.01,94973.37,90791.1,91965.16,57858.73138,96006.18428571428,83192.84000000001,-0.0112337370999099,0.0449658052934301,-0.0420912914702265,0.1054456128676457,46040.83897457143,0.2566828204836937,95863.11,1,5987.3701171875,0.003020480305938378,0.0,0.1594124802039634,61.503601964125814
2024-11-26,91965.16,97208.21,91792.14,95863.11,41153.42734,96231.4057142857,84056.20333333334,0.0423850727819099,0.058892628469303,-0.0038271883440961,0.1404644297321541,45890.87163571429,-0.1032328244562564,95643.98,0,6021.6298828125,0.005722005647630368,0.003020480305938378,0.18021694109395056,66.86685603812859
2024-11-27,95863.11,96564.0,94640.0,95643.98,28814.54357,95849.52857142856,84819.78866666667,-0.002285863665387,0.0200702856395958,-0.0021444922525142,0.1276139861167459,40117.46922042857,-0.2817457299792207,97460.0,1,5998.740234375,-0.003801238017440034,0.005722005647630368,0.18345468695746495,66.30758574825106
2024-11-28,95643.99,98619.99,95364.99,97460.0,27701.78231,95644.95714285714,85656.96399999999,0.0189871836170782,0.0340324572406483,0.0189768798205626,0.1377942370219893,37476.39394428572,-0.2608204953981737,96407.99,0,5998.740234375,0.0,-0.003801238017440034,0.1840198757874073,68.64793397380036
2024-11-29,97460.0,97463.95,96092.01,96407.99,14503.83306,95464.32714285716,86527.49666666666,-0.0107942745741842,0.0140769546480607,0.0098849788752055,0.1141890579753666,36011.535285714286,-0.5972448010081468,97185.18,1,6032.3798828125,0.005607785488815242,0.0,0.1477881611146908,65.79667779021634
2024-11-30,96407.99,97836.0,95693.88,97185.18,16938.60452,95362.2042857143,87450.469,0.0080614687641552,0.0222193202036469,0.0191163336453915,0.1113168529719377,33974.05330571428,-0.5014252680544595,95840.62,0,6032.3798828125,0.0,0.005607785488815242,0.09548904883656778,66.89076010679484
2024-12-01,97185.17,98130.0,94395.0,95840.62,37958.66981,95766.57714285716,88332.66500000001,-0.0138349297531712,0.0384317895415524,0.0007731596904878,0.0849963600667996,32132.798855714285,0.1813060536819586,95849.69,1,6032.3798828125,0.0,0.0,0.10777546526074948,63.12853248901442
2024-12-02,95840.61,96305.52,93578.17,95849.69,35827.32283,96321.51,89235.12166666666,9.474063238956582e-05,0.0284571435845411,-0.004898386663581,0.0741251674205335,28985.45477714285,0.2360448751093067,98587.32,1,6047.14990234375,0.0024484564662998753,0.0,0.10097876418257574,63.14359175240617
2024-12-03,95849.69,99000.0,94587.83,98587.32,43850.53728,96710.68285714286,90259.69866666666,0.0285616990519218,0.0460321780905081,0.0194046519724117,0.0922628975761113,29370.75619714285,0.4929999413588716,96945.63,0,6049.8798828125,0.0004514491145146682,0.0024484564662998753,0.08973023392982407,67.46316426223828
2024-12-04,98587.32,104088.0,90500.0,96945.63,109921.729662,96896.63285714286,91178.81933333332,-0.0166521414721487,0.1378270552440212,0.0005056640402497,0.0632472619061259,40957.49706742858,1.6837999763763685,99740.84,1,6086.490234375,0.006051417924264779,0.0004514491145146682,0.07698969045998273,62.71627501106611
2024-12-05,96945.63,101898.99,95981.72,99740.84,45049.5331,97222.46714285716,91984.44766666667,0.0288327591455127,0.0610369956851072,0.0259031984185547,0.0843228668550682,43435.74718028571,0.0371534053049913,99831.99,1,6075.10986328125,-0.0018697756269248078,0.006051417924264779,-0.0860590275900503,66.97685562792813
2024-12-06,99740.84,100439.18,98844.0,99831.99,14931.9459,97711.61,92783.58433333332,0.000913868381297,0.0159932481017805,0.0217003895442926,0.0759660851357568,43496.90615742857,-0.6567124602849516,101109.59,1,6090.27001953125,0.0024954538421815275,-0.0018697756269248078,-0.08938576002766996,67.10885001525898
2024-12-07,99831.99,101351.0,98657.7,101109.59,14612.99688,98272.24,93603.578,0.012797501081567,0.0269783262859931,0.0288723448249475,0.0801893705388055,43164.676494571424,-0.6614593675493481,97276.47,0,6090.27001953125,0.0,0.0024954538421815275,-0.09232816942230641,68.98037853090713
2024-12-08,101109.6,101215.93,94150.05,97276.47,53949.11595,98477.36142857144,94290.21166666666,-0.037910643499727,0.0698833740811949,-0.0121945938756946,0.0316709261815035,45449.02594314285,0.1870246904189066,96593.0,0,6090.27001953125,0.0,0.0,-0.07461030962504102,58.26792108691337
2024-12-09,97276.48,98270.0,94256.54,96593.0,51708.68933,98583.5485714286,94830.978,-0.0070261588412738,0.0412582774376705,-0.0201914883393179,0.0185806583161043,47717.792586,0.0836354015497961,101125.0,1,6052.85009765625,-0.006144213927296471,0.0,-0.040045300159844054,56.58065630528344
2024-12-10,96593.0,101888.0,95658.24,101125.0,37753.78291,98946.07428571428,95246.87833333333,0.0469185137639373,0.0644949426977109,0.0220213457685435,0.0617145860265902,46846.827676,-0.1941016119360081,100004.29,0,6034.91015625,-0.002963883313944371,-0.006144213927296471,-0.0852665889740482,64.02050224970651
2024-12-11,101125.0,102540.0,99311.64,100004.29,29232.08745,99383.0257142857,95648.621,-0.0110824227441286,0.0319244499381953,0.0062512112229341,0.0455382310216474,35319.73593142857,-0.1723582671526034,101424.25,1,6084.18994140625,0.008165786048233592,-0.002963883313944371,-0.1179740858262156,61.22661443831747
2024-12-12,100004.29,101895.26,99205.0,101424.25,21904.03923,99623.51285714284,96016.92266666664,0.014198990863292,0.0269014459279696,0.0180754230724563,0.0563163990592104,32013.236807142857,-0.3157818010732134,101420.0,0,6051.25,-0.005414022527810203,0.008165786048233592,-0.11068244316181762,63.40568387025698
2024-12-13,101424.24,102650.0,100609.41,101420.0,14191.70326,99850.37142857142,96486.73633333332,-4.180460213461041e-05,0.0201193521390941,0.0157198070369865,0.0511289308161868,31907.487858571432,-0.5552234220724578,104463.99,1,6051.08984375,-2.6466639124200775e-05,-0.005414022527810203,-0.11708073804957403,63.3942001032154
2024-12-14,101420.0,105250.0,101237.14,104463.99,22228.921775,100329.57142857143,96934.467,0.0300137053835535,0.0395667521198974,0.0412083746851448,0.0776764264871854,32995.47712928571,-0.326303975302411,106058.66,1,6051.08984375,0.0,-2.6466639124200775e-05,-0.0402999555513897,67.88118557780555
2024-12-15,104463.99,107793.07,103333.0,106058.66,41302.40274,101584.17,97450.19166666668,0.0152652603064462,0.0426948080386361,0.0440471187587592,0.088337110334057,31188.803813571427,0.3242701767878562,106133.74,1,6051.08984375,0.0,0.0,-0.11982432249214527,69.95866296832104
2024-12-16,106058.65,108353.0,105321.49,106133.74,29064.936466,102947.13285714285,97992.78333333334,0.0007080044861971,0.028583335729806,0.0309538211936327,0.0830771041472951,27953.981975857143,0.0397422625192485,100204.01,0,6074.080078125,0.0037993543260221863,0.0,-0.13237770998110404,70.05686313355747
2024-12-17,106133.74,106524.98,100000.0,100204.01,50307.99755,102815.56285714284,98317.44766666666,-0.0558703575319216,0.0614788473486376,-0.0254003653199028,0.0191884795436258,29747.441210142853,0.6911705848786317,97461.86,0,6050.60986328125,-0.003863994965801476,0.0037993543260221863,0.005587689533818967,54.81638229072311
2024-12-18,100204.01,102800.11,95700.0,97461.86,55147.398,102452.35857142856,98489.15,-0.027365671293993,0.0708565455614002,-0.048710431277668,-0.0104304890437169,33449.62843157143,0.6486699729061604,97805.44,1,5872.16015625,-0.02949284635160343,-0.003863994965801476,0.1793081362016158,49.45809117759156
2024-12-19,97461.86,98233.0,92232.54,97805.44,62884.1357,101935.38571428572,98606.446,0.003525276451732,0.061567263337679,-0.0405153292484862,-0.0081232620431324,39303.92792728572,0.5999453239467281,97291.99,0,5867.080078125,-0.0008651123249070469,-0.02949284635160343,0.16495802770345086,50.116049112465944
2024-12-20,97805.44,99540.61,96398.39,97291.99,23483.54143,101345.67,98572.275,-0.0052497079917026,0.0321272518174858,-0.0399985514921358,-0.0129882870208685,40631.33338014286,-0.4220336996994354,95186.27,0,5930.85009765625,0.010869123768910471,-0.0008651123249070469,0.15062877617889583,49.087622159355206
2024-12-21,97292.0,97448.08,94250.35,95186.27,19353.83036,100020.28142857144,98448.75066666667,-0.0216434033630719,0.0328673477778234,-0.0483303122079655,-0.033138873216512,40220.60603514285,-0.5188080870017339,94881.47,0,5930.85009765625,0.0,0.010869123768910471,0.1432456783318384,45.00840010704523
2024-12-22,95186.28,96538.92,92520.0,94881.47,32810.76703,98423.54,98355.71966666666,-0.0032022472146195,0.0422216311006165,-0.0359880370082198,-0.0353233109212264,39007.51521942858,-0.1588603671515621,98663.58,1,5930.85009765625,0.0,0.0,0.15330460704177806,44.43281675866141
2024-12-23,94881.47,99487.99,93569.02,98663.58,23674.22488,97356.37428571428,98381.17100000002,0.039861418673214,0.0623827813797573,0.0134270172228213,0.0028705594488195,38237.41356428572,-0.3808622845214599,99429.6,1,5974.06982421875,0.007287273468533639,0.0,0.20245613635368065,52.54281079027017
2024-12-24,98663.58,99569.15,97632.02,99429.6,14474.1651,97245.74428571427,98595.15733333334,0.0077639591022341,0.0196336885403913,0.0224570826242989,0.0084633230397468,33118.294642857145,-0.5629556033579844,95791.6,0,6040.0400390625,0.01104275925539211,0.007287273468533639,0.2212470554440472,54.006958585392354
2024-12-25,99429.61,99963.7,95199.14,95791.6,21192.36727,97007.13571428572,98722.70533333332,-0.036588798849759,0.0479189247549095,-0.0125303742383017,-0.0296902857699913,28267.575967142857,-0.250294142849985,94299.03,0,6040.0400390625,0.0,0.01104275925539211,0.22293687805947524,46.646436109920884
2024-12-26,95791.6,97544.58,93500.01,94299.03,26501.26429,96506.22,98670.56933333332,-0.0155814288517991,0.042222595718205,-0.0228709610634423,-0.0443043894736758,23070.022908571435,0.1487315983615136,95300.0,1,6037.58984375,-0.00040565878647391695,0.0,0.1892202384872619,43.99708496979538
2024-12-27,94299.03,95733.99,94135.66,95300.0,8385.8929,96221.65,98659.10333333332,0.0106148493786203,0.0169495911039594,-0.0095784056914427,-0.0340475761469688,20913.215975714287,-0.5990146656670015,93738.2,0,5970.83984375,-0.011055736101235558,-0.00040565878647391695,0.1561522055221576,46.20378749241316
2024-12-28,95300.0,95340.0,93009.52,93738.2,13576.00578,96014.78285714284,98535.04333333332,-0.0163882476390346,0.0244541448058761,-0.023710753588123,-0.0486815976434508,20087.81246428572,-0.3241670388880378,92792.05,0,5970.83984375,0.0,-0.011055736101235558,0.15583598765218254,43.334612009297985
2024-12-29,93738.19,95024.5,91530.45,92792.05,27619.4225,95716.29428571428,98414.51200000002,-0.0100934315032112,0.037274562267524,-0.0305511648516749,-0.0571304158882585,19346.19181714286,0.4276413033145959,93576.0,1,5970.83984375,0.0,0.0,0.1689894463898898,41.647336421068175
2024-12-30,92792.05,96250.0,92033.73,93576.0,19612.03389,94989.49714285714,98294.206,0.008448460832582,0.0454378365387983,-0.0148805624345115,-0.0480008557167652,18765.87881857143,0.0450900850212877,94591.79,1,5906.93994140625,-0.010701995701766776,0.0,0.1432489984713941,43.60659816293684
2024-12-31,93576.0,95151.15,92888.0,94591.79,10373.32613,94298.38142857142,98252.57833333334,0.0108552406599982,0.0241851543130716,0.0031114910667986,-0.037258954374853,18180.04468,-0.429411406155026,96984.79,1,5881.6298828125,-0.004284800394927402,-0.010701995701766776,0.13681839181011668,46.13051393557842
2025-01-01,94591.78,97839.5,94392.0,96984.79,21970.48948,94468.83714285714,98290.415,0.0252982870181742,0.0364460844272092,0.0266326222830306,-0.0132833399879328,18291.204995714284,0.2011504701383965,98174.18,1,5881.6298828125,0.0,-0.004284800394927402,0.13885711950662513,51.62345411464539
2025-01-02,96984.79,98976.91,96100.01,98174.18,15253.82936,95022.43,98276.64366666669,0.0122636755722211,0.029663414232273,0.0331684845357036,-0.0010426044566012,16684.42857714286,-0.0857445737819714,98220.5,1,5868.5498046875,-0.0022238866412221947,0.0,0.13086902716960438,54.127163404072355
2025-01-03,98174.17,98778.43,97514.79,98220.5,8990.05651,95439.64428571428,98319.13933333333,0.0004719163910425,0.0128714100664156,0.0291373227037683,-0.0010032566802574,16770.737664285713,-0.4639438830919845,98363.61,1,5942.47021484375,0.01259602672149196,-0.0022238866412221947,0.1500693763954506,54.226518909665195
2025-01-04,98220.51,98836.85,97276.79,98363.61,8095.63723,96100.41714285711,98273.23166666667,0.0014569258498047,0.0158832406795689,0.0235502917097492,0.0009196637965451,15987.827871428572,-0.4936374537489547,102235.6,1,5942.47021484375,0.0,0.01259602672149196,0.1609389176321721,54.55402387744817
2025-01-05,98363.61,102480.0,97920.0,102235.6,25263.43375,97449.49571428572,98353.352,0.0393640493674439,0.0463586076192201,0.0491136896156627,0.0394724523471249,15651.25805,0.6141471611606327,96954.61,0,5942.47021484375,0.0,0.0,0.15875190178736256,62.39392949942777
2025-01-06,102235.6,102724.38,96181.81,96954.61,32059.87537,97932.15428571428,98214.85266666667,-0.0516550986153551,0.0639950271725309,-0.0099818521592236,-0.0128314876258465,17429.52111857143,0.8394008161153492,95060.61,0,5975.3798828125,0.005538045085450305,0.0,0.08807014028076987,49.78033152876916
2025-01-07,96954.6,97268.65,92500.9,95060.61,33704.67894,97999.12857142858,98140.99066666668,-0.0195348132012303,0.049175077819928,-0.0299851500137246,-0.0313872994937366,20762.57152,0.6233383667111383,92552.49,0,5909.02978515625,-0.01110391288210788,0.005538045085450305,0.1270056125865844,46.174941034904926
2025-01-08,95060.61,95382.32,91203.67,92552.49,34544.83685,97365.94285714286,98006.307,-0.0263844298916238,0.0439577444327362,-0.0494367200264803,-0.0556476125562,22558.90685857143,0.5313169679085945,94726.11,1,5918.25,0.001560360190925314,-0.01110391288210788,0.10920762683927417,41.852140294505325
2025-01-09,92552.49,95836.0,92206.02,94726.11,31482.86424,96873.36142857144,97793.01066666668,0.0234852676573044,0.0392207708296124,-0.0221655509513281,-0.0313611437643575,24877.340412857146,0.2655237142523875,94599.99,0,5918.25,0.0,0.001560360190925314,0.13826320922952146,46.52447472320942
2025-01-10,94726.1,95050.94,93831.73,94599.99,7047.9043,96356.14571428573,97612.86733333331,-0.0013313120671071,0.0128708983057468,-0.0182256741515278,-0.030865575570532,24599.89009714286,-0.7134985452305506,94545.06,0,5827.0400390625,-0.01541164380306681,0.0,0.14836228094018045,46.29204504682564
2025-01-11,94599.99,95450.1,93711.19,94545.06,8606.86622,95810.6385714286,97383.561,-0.0005806554525006,0.0183817144166717,-0.0132091653943531,-0.0291476402264649,24672.92281,-0.6511614661027669,94536.1,0,5827.0400390625,0.0,-0.01541164380306681,0.1621590791028937,46.183824353454966
2025-01-12,94545.07,95940.0,89256.69,94536.1,42619.56423,94710.71,97154.09766666668,-9.487538588739912e-05,0.0706891432837269,-0.0018436140960191,-0.0269468579251175,27152.37002142857,0.5696443513536671,96560.86,1,5827.0400390625,0.0,0.0,0.16215549596186582,46.16486608716173
2025-01-13,94536.11,97371.0,94346.22,96560.86,27846.61753,94654.46,96890.66,0.0214177418554666,0.0319960277612438,0.0201406251749786,-0.0034038368610554,26550.476044285715,0.0488180130387245,100497.35,1,5836.22021484375,0.0015754440882007614,0.0,0.16927736241428865,51.05445268207225
2025-01-14,96560.85,100681.94,96500.0,100497.35,30509.99179,95431.13714285714,96705.283,0.0407670396439136,0.0433088565396845,0.0530876295601394,0.0392126146820747,26094.092165714286,0.1692298623091352,99987.3,0,5842.91015625,0.0011462798112440442,0.0015754440882007614,0.1748616100588655,58.87493025712381
2025-01-15,100497.35,100866.66,97335.13,99987.3,27832.85317,96493.25285714286,96500.40166666666,-0.0050752582033257,0.0351405285811018,0.0362102741839374,0.0361335110850403,25135.237354285717,0.1073240637313625,104077.48,1,5949.91015625,0.018312792279639112,0.0011462798112440442,0.1488731642477651,57.590937665068644
2025-01-16,99987.3,105865.22,99950.77,104077.48,39171.85292,97829.16285714286,96629.51733333334,0.0409069951883888,0.0591520123055627,0.0638696781243173,0.0770775108083605,26233.664308571428,0.4931902939385111,104556.23,1,5937.33984375,-0.0021126894641922966,0.018312792279639112,0.11546032543626746,64.31240049345153
2025-01-17,104077.47,104988.88,102277.55,104556.23,24307.82998,99251.48285714284,96865.99633333331,0.0046000349547312,0.0260510752231006,0.0534475353934258,0.0793904358367738,28699.367977142854,-0.1530186309552331,101331.57,0,5996.66015625,0.009991058969353706,-0.0021126894641922966,-0.03205674255972036,65.01140927335399
2025-01-18,104556.23,106422.43,99651.6,101331.57,43397.28298,100220.9842857143,96983.534,-0.0308413951038593,0.0647577863126854,0.0110813690585956,0.0448327238724875,33669.427514285715,0.2889225087532844,102260.01,1,5996.66015625,0.0,0.009991058969353706,-0.025529890345585622,56.92381885545725
2025-01-19,101331.57,109588.0,99550.0,102260.01,89529.231732,101324.4,97149.13466666666,0.0091623962798561,0.0990609343169162,0.009233807454078,0.0526085523136105,40370.808586,1.2176724932640417,106143.82,1,5996.66015625,0.0,0.0,-0.012311205996354239,58.5236874130634
2025-01-20,102260.0,107240.81,100119.04,106143.82,45941.02002,102693.39428571428,97514.38633333334,0.0379798552708782,0.0696437512223743,0.0335992956342053,0.0884939544937367,42955.72322742857,0.0694970674051002,103706.66,0,5996.66015625,0.0,0.0,-0.016899635919518218,64.46863249850298
2025-01-21,106143.82,106394.46,103339.12,103706.66,22248.69254,103151.86714285715,97808.55933333332,-0.022960922265658,0.028784907119416,0.0053784082877967,0.0603025001785973,41775.53762028572,-0.4674229511484181,103910.34,1,6049.240234375,0.008768227105582893,0.0,-0.060169158225333835,58.77545818575377
2025-01-22,103706.66,106850.0,101262.28,103910.34,53953.12031,103712.30142857145,97983.45133333332,0.0019640011547955,0.0538800497480104,0.0019094993429005,0.0604886701378151,45507.00435457142,0.1856003504344077,104870.5,1,6086.3701171875,0.006137941522227575,0.008768227105582893,-0.1149918050966685,59.10052511090694
2025-01-23,103910.35,107120.0,102750.0,104870.5,23609.24017,103825.59,98164.81466666666,0.0092401767485144,0.0420554834046849,0.0100640892096062,0.0683104771918889,43283.77396171429,-0.4545475588408017,104746.85,0,6118.7099609375,0.00531348622041139,0.006137941522227575,-0.1240114851352261,60.67475547200399
2025-01-24,104870.51,105286.52,104106.09,104746.85,9068.32377,103852.82142857143,98463.32300000002,-0.0011791684812059,0.0112560718928515,0.0086086112936611,0.063815914480156,41106.70164600001,-0.7793954901053848,102620.0,0,6101.240234375,-0.002855132319398823,0.00531348622041139,-0.13080795047919377,60.35258803297774
2025-01-25,104746.86,105500.0,102520.44,102620.0,9812.51238,104036.88285714285,98740.68866666668,-0.0203047614028716,0.0284453395548085,-0.0136190437297936,0.0392878699320124,36308.87727457143,-0.7297489452566439,102082.83,0,6101.240234375,0.0,-0.002855132319398823,-0.13122613747257394,54.94810957675934
2025-01-26,102620.01,103260.0,97777.77,102082.83,50758.1341,104011.57142857143,98966.783,-0.0052346516044969,0.0534226219623248,-0.0185435274371945,0.0314857864986882,30770.149041428573,0.6495901281355458,101335.52,0,6101.240234375,0.0,0.0,-0.11569526772511673,53.64158064762822
2025-01-27,102082.83,103800.0,100272.68,101335.52,22022.05765,103324.67142857144,99220.027,-0.0073206238502596,0.0345535091454655,-0.0192514662865058,0.0213212298359886,27353.15441714285,-0.1948987925064223,103733.24,1,6012.27978515625,-0.014580715690809543,0.0,-0.0767736779021638,51.79639718280176
2025-01-28,101335.52,104782.68,101328.01,103733.24,23155.35802,103328.46857142856,99584.73333333334,0.0236611999425275,0.0340914025013144,0.0039173272784123,0.0416580586984216,27482.678057142857,-0.1574562722070009,104722.94,1,6067.7001953125,0.009217869449967608,-0.014580715690809543,-0.03785445052718456,56.917054683368
2025-01-29,103733.25,106457.44,103278.54,104722.94,19374.07472,103444.55428571429,99956.298,0.0095407210320702,0.0306449474975478,0.0123581731596504,0.0476872602864904,22542.81440142857,-0.1405653981353705,102429.56,0,6039.31005859375,-0.004678895760321544,0.009217869449967608,-0.03452716445267076,58.85974252647251
2025-01-30,104722.94,106012.0,101560.0,102429.56,21983.18193,103095.84857142858,100217.557,-0.0218994997657629,0.0425121754603146,-0.0064628069962191,0.0220720107954736,22310.520367142857,-0.0146719319745197,100635.65,0,6071.169921875,0.005275414405311762,-0.004678895760321544,-0.049281343196499516,52.90637398503216
2025-01-31,102429.56,102783.71,100279.51,100635.65,12290.95747,102508.53428571428,100339.25233333332,-0.0175135966609639,0.0244480206690335,-0.0182705205841119,0.002953955304371,22770.89661,-0.4602339257645946,97700.59,0,6040.52978515625,-0.005046825754019935,0.005275414405311762,-0.01875507029389675,48.75252382102037
2025-02-01,100635.66,101456.6,96150.0,97700.59,34619.49939,101805.76142857144,100323.466,-0.0291653078044105,0.0527308113247332,-0.0403235668685774,-0.0261441924265256,26314.751897142854,0.3155928478945238,101328.52,1,6040.52978515625,0.0,-0.005046825754019935,-0.00486726796742702,42.827782014095284
2025-02-02,97700.59,102500.01,91231.0,101328.52,75164.7385,101698.00285714286,100427.06666666668,0.0371331432082447,0.1153422922011013,-0.0036331377879846,0.008976198979558,29801.40966857143,1.5221873507302155,97763.13,0,6040.52978515625,0.0,0.0,-0.010252059220259947,50.788709662488124
2025-02-03,101328.51,101732.31,96150.0,97763.13,40267.98697,101187.66142857145,100407.05066666666,-0.0351863458763973,0.0550912077953184,-0.0338433696383902,-0.0263320219955867,32407.971,0.2425334177816931,96612.43,0,5994.56982421875,-0.007608597684666707,0.0,0.047358263457633325,44.26529709463347
2025-02-04,97763.14,99149.0,96155.0,96612.43,26233.30444,100170.40285714284,100219.61166666666,-0.0117703870804477,0.0306250392530354,-0.0355192028349634,-0.0359927723394525,32847.677631428574,-0.201365017814835,96554.35,0,6037.8798828125,0.007224881828679752,-0.007608597684666707,0.037032868901218034,42.3736367472997
2025-02-05,96612.44,99120.0,95676.64,96554.35,23515.20405,99003.46142857142,100206.26966666666,-0.0006012683252798,0.0356409588661667,-0.0247376343537078,-0.0364440237004596,33439.26753571429,-0.2967787340172761,96506.8,0,6061.47998046875,0.003908672930614365,0.007224881828679752,0.09701622865704532,42.2754354907362
2025-02-06,96554.35,100137.99,95620.34,96506.8,31794.22065,98157.35285714285,100254.476,-0.000492468749466,0.0467886739437426,-0.0168153766284329,-0.0373816327163287,34840.844495714286,-0.087444029839433,96444.74,0,6083.56982421875,0.003644298722618622,0.003908672930614365,0.046955502006942575,42.18923067879199
2025-02-07,96506.8,96880.0,95688.0,96444.74,10147.24294,97558.65142857144,100384.21766666668,-0.0006430634939713,0.0123514612441817,-0.0114178641490036,-0.0392439943074319,34534.59956285715,-0.7061716924926033,96462.75,1,6025.990234375,-0.009464770111542897,0.003644298722618622,0.05562792609704314,42.068658249056206
2025-02-08,96444.75,97323.09,94713.0,96462.75,14120.91613,97381.81714285714,100442.10566666668,0.0001866353534018,0.0270630594200306,-0.0094377694914943,-0.0396184014687306,31606.230525714287,-0.553223655743716,97430.82,1,6025.990234375,0.0,-0.009464770111542897,0.06018597198719903,42.1203544815995
2025-02-09,96462.75,98345.0,95256.0,97430.82,20572.87537,96825.00285714286,100536.46666666666,0.0100356873508168,0.032022723797528,0.0062568254580997,-0.0308907481000259,23807.392935714284,-0.1358618969514327,95778.2,0,6025.990234375,0.0,0.0,0.054438524929340384,44.96334287468878
2025-02-10,97430.82,98478.42,94876.88,95778.2,18647.76379,96541.44142857144,100577.57133333334,-0.0169619838979083,0.0369650999550244,-0.0079058424783944,-0.0477181072251914,20718.789624285717,-0.0999588234564697,97869.99,1,6066.43994140625,0.006712541085862833,0.0,0.027607592664359037,41.239325462354614
2025-02-11,95778.21,98119.99,94088.23,97869.99,29151.16625,96721.09285714288,100688.701,0.0218398318364897,0.0420947520318035,0.0118784549359265,-0.0279943128872025,21135.62702571429,0.3792430295317829,96608.14,0,6068.5,0.00033958278885926063,0.006712541085862833,0.021378346703564702,47.20026374777609
2025-02-12,97870.0,98083.91,95217.36,96608.14,19921.77616,96728.77714285716,100690.277,-0.0128932257075712,0.0292893634412997,-0.0012471691095504,-0.0405415212036808,20622.280184285715,-0.0339683108766751,97500.48,1,6051.97021484375,-0.0027238667143857365,0.00033958278885926063,0.03394224378096384,44.281969277826605
2025-02-13,96608.13,98826.0,96252.82,97500.48,18173.02646,96870.73142857142,100590.38133333334,0.0092368002568727,0.0266352324592142,0.0065009168625192,-0.0307176619909027,18676.3953,-0.0269521410269142,97569.66,1,6115.06982421875,0.010426292122230674,-0.0027238667143857365,0.06010898179722681,46.78753267332779
2025-02-14,97500.47,97972.26,97223.58,97569.66,7349.37683,97031.43428571428,100509.79333333336,0.0007096376048238,0.007678732215342,0.0055469211420793,-0.0292522075294952,18276.700141428573,-0.5978827264698152,96118.12,0,6114.6298828125,-7.194380749464546e-05,0.010426292122230674,0.08990909661079527,46.986568124124915
2025-02-15,97569.67,97704.47,96046.18,96118.12,8191.4249,96982.20142857144,100244.48133333334,-0.0148770616934545,0.0169959578627252,-0.0089096908076256,-0.0411629775370113,17429.629965714284,-0.5300287547060207,95780.0,0,6114.6298828125,0.0,-7.194380749464546e-05,0.14367337489133075,43.324831868310646
2025-02-16,96118.12,97046.59,95205.0,95780.0,16492.0451,96746.37,99951.94033333332,-0.0035177550289164,0.0191596548080632,-0.0099886951830853,-0.0417394631802061,16846.654212857142,-0.0210492308072964,95671.74,0,6114.6298828125,0.0,0.0,0.12849463845979012,42.4940856761667
2025-02-17,95780.01,96753.91,93388.09,95671.74,23368.19471,96731.16142857145,99763.27933333332,-0.0011304028888699,0.0351411531487625,-0.0109522248355689,-0.0410124783454891,17521.001487142858,0.3337248288659692,96644.37,1,6114.6298828125,0.0,0.0,0.127266262489653,42.214972824986596
2025-02-18,95671.74,96899.99,95029.99,96644.37,16438.50954,96556.07285714286,99576.09133333334,0.0101663249774697,0.0195460017764911,0.0009144649346682,-0.0294420206103425,15704.907671428571,0.0467116320528292,98305.0,1,6129.580078125,0.0024449877750611915,0.0,0.13691867414644568,45.66778590975292
2025-02-19,96644.37,98711.36,96415.09,98305.0,17057.39177,96798.48142857142,99314.79733333334,0.0171828943579435,0.0237599976077241,0.0155634525376335,-0.0101676422894377,15295.709901428572,0.1151749006698205,96181.98,0,6144.14990234375,0.0023769693899173827,0.0024449877750611915,0.17077955982812631,51.046198013872896
2025-02-20,98305.01,99475.0,94871.95,96181.98,32249.2814,96610.12428571428,99063.97466666668,-0.02159635607585,0.0468241649128564,-0.0044316709959723,-0.0290922575675375,17306.603464285712,0.8634090430597966,96551.01,1,6117.52001953125,-0.0043341850761716705,0.0023769693899173827,0.27760886986069666,44.92358303804732
2025-02-21,96181.99,96980.0,95770.49,96551.01,11268.17708,96464.60285714285,98818.66366666666,0.0038366850176419,0.012575223282446,0.0008957393727636,-0.0229476253019963,17866.43207142857,-0.369310165848966,96258.0,0,6013.1298828125,-0.01706412670256352,-0.0043341850761716705,0.1986679177224075,46.13303419205119
2025-02-22,96551.01,96650.0,95227.94,96258.0,10884.84913,96484.58571428571,98531.58033333332,-0.0030347688750225,0.014728587510374,-0.0023484136104049,-0.0230746358237812,18251.20696142857,-0.4036093529045153,91552.88,0,6013.1298828125,0.0,-0.01706412670256352,0.17965006112550852,45.28275615896672
2025-02-23,96258.0,96500.0,91349.26,91552.88,31550.10299,95880.71142857142,98091.78133333332,-0.0488803008581104,0.0535097342558541,-0.0451376649598134,-0.0666610519704293,20402.35808857143,0.5463949242059958,88680.4,0,6013.1298828125,0.0,0.0,0.1541571584850252,34.33817598231752
2025-02-24,91552.88,92540.69,86050.99,88680.4,78333.11111,94881.94857142855,97627.128,-0.0313750916410276,0.0708847171164904,-0.065360678873073,-0.091641823162103,28254.489002857143,1.7724129465614764,84250.09,0,5983.25,-0.00496910650440241,0.0,0.1875091256201699,29.629848349451834
2025-02-25,88680.39,89414.15,82256.01,84250.09,56893.54409,93111.33714285714,97032.70333333334,-0.0499580572435462,0.080718409109387,-0.0951682943749553,-0.1317351047040464,34033.77965285714,0.671678687184066,84708.58,1,5955.25,-0.004679730915472358,-0.00496910650440241,0.21845113421487455,24.133527825085324
2025-02-26,84250.09,87078.46,82716.49,84708.58,42505.45439,91168.99142857142,96478.472,0.005442011990729,0.0517740693214689,-0.0708619381144847,-0.1219950083786568,37669.21717,0.1283869850061977,84349.94,0,5956.06005859375,0.00013602428004699796,-0.004679730915472358,0.23611874463724983,25.670216621112218
2025-02-27,84708.57,85120.0,78258.52,84349.94,83648.03969,89478.7,95832.362,-0.004233692057368,0.081001013238684,-0.0573182221020197,-0.1198177918227664,45011.89692571428,0.8583540220055416,86064.53,1,5861.56982421875,-0.015864553655509872,0.00013602428004699796,0.1343397918297583,25.239559778130726
2025-02-28,84349.95,86558.0,83824.78,86064.53,25785.05464,87980.63142857143,95210.415,0.0203269830035465,0.0324033387097443,-0.0217786732995551,-0.0960597115347098,47085.73657714286,-0.4523807735755586,94270.0,1,5954.5,0.01585414463498891,-0.015864553655509872,0.2474783625413569,31.18357824111969
2025-03-01,86064.54,95000.0,85050.6,94270.0,54889.09045,87696.63142857143,94938.42966666668,0.0953407756551072,0.1156039409494316,0.0749557704138562,-0.0070406648710492,53372.0567657143,0.0284237441128601,86220.61,0,5954.5,0.0,0.01585414463498891,0.2156729797460825,51.185933847006154
2025-03-02,94269.99,94416.46,85117.11,86220.61,59171.10218,86934.87857142858,94457.92833333332,-0.0853864522527265,0.0986459211462736,-0.0082161335377228,-0.0872062142233798,57317.91379285714,0.0323317487415914,87281.98,1,5954.5,0.0,0.0,0.1722528168317656,39.16090836562311
2025-03-03,86221.16,88967.52,81500.0,87281.98,55609.10706,86735.10428571429,94110.64133333336,0.0123034763160225,0.0866089020375045,0.0063051254597474,-0.0725599277253536,54071.6275,0.0284341276762938,90606.01,1,5849.72021484375,-0.0175967394669998,0.0,0.11735639700656621,41.124969671389486
2025-03-04,87281.98,91000.0,86334.53,90606.01,38264.01163,87643.09285714287,93753.22433333332,0.0380838060731436,0.0534528433016758,0.0338066246439596,-0.0335691316828061,51410.26572,-0.2557126267660147,89931.89,0,5778.14990234375,-0.012234826602200433,-0.0175967394669998,0.03825887799525928,46.90594389594441
2025-03-05,90606.0,92810.64,87836.0,89931.89,34342.44902,88389.28000000001,93492.183,-0.0074400150100434,0.0549040902368496,0.017452455772917,-0.0380811837498755,50244.12209571429,-0.3164882261336329,86801.75,0,5842.6298828125,0.011159277893187936,-0.012234826602200433,-0.0011430988894096594,45.92116274828051
2025-03-06,89931.88,91283.02,84667.03,86801.75,57980.35713,88739.53857142858,93165.16033333332,-0.0348055661685267,0.0735666818040499,-0.0218368114441885,-0.0683024674735259,46577.31030142858,0.2448197793040374,86222.45,0,5738.52001953125,-0.017819007085749905,0.011159277893187936,0.08156886371831383,41.55821542110962
2025-03-07,86801.74,86897.25,85218.47,86222.45,12989.23054,88762.09857142856,92820.76366666668,-0.00667371414444,0.0193403957109615,-0.0286118581275414,-0.0710866125855439,44749.33543,-0.7097335543604072,80734.37,0,5770.2001953125,0.00552061780274804,-0.017819007085749905,0.07583867100678292,40.78588798077475
2025-03-08,86222.46,86500.0,80000.0,80734.37,26115.39345,86828.43714285713,92295.016,-0.0636503528199034,0.0753863900426872,-0.0701851529681535,-0.1252575328661301,40638.80728714286,-0.3573779548824928,78595.86,0,5770.2001953125,0.0,0.00552061780274804,0.05660155409072251,34.28528141389596
2025-03-09,80734.48,84123.46,77459.91,78595.86,47633.38405,85739.18714285713,91700.05333333332,-0.0264895494465313,0.0825366064164902,-0.0833146123831923,-0.1429027885698066,38990.56184,0.2216644696084738,82932.99,1,5770.2001953125,0.0,0.0,0.058231843378950175,32.13591635836514
2025-03-10,78595.86,83617.4,76606.0,82932.99,48770.06853,85117.90285714285,91249.06133333332,0.0551826775608792,0.089208261096704,-0.0256692515182132,-0.0911359658041267,38013.55633571429,0.2829651637771078,83680.12,1,5614.56005859375,-0.0269730913054258,0.0,-0.11460894703180662,40.309020099604645
2025-03-11,82932.99,84539.85,80607.65,83680.12,31933.986,84128.48999999999,90790.70466666669,0.0090088395462407,0.0474141834268849,-0.0053295857324908,-0.0783184213931681,37109.26695999999,-0.1394606087363142,81115.78,0,5572.06982421875,-0.007567865323653167,-0.0269730913054258,-0.12523890559714276,41.61350144357122
2025-03-12,83680.12,84336.33,79939.9,81115.78,27546.27412,82869.04571428572,90301.95733333332,-0.0306445545250173,0.0525385240843345,-0.021157064126581,-0.1017273335441026,36138.38483142857,-0.2377558031856545,83983.2,1,5599.2998046875,0.004886869929446425,-0.007567865323653167,-0.1335152151444363,38.50328202012443
2025-03-13,81115.78,85309.71,80818.84,83983.2,26858.52755,82466.39571428571,89839.06433333334,0.0353497186367436,0.0553637035851718,0.0183929984156143,-0.0651817155130434,31692.409177142858,-0.1525249027337796,84338.44,1,5521.52001953125,-0.013890984206835322,0.004886869929446425,-0.18279911484763559,43.58114978895691
2025-03-14,83983.19,84676.28,83618.0,84338.44,11324.7332,82197.25142857143,89430.07433333334,0.0042300131728742,0.012601093147331,0.0260493937962055,-0.0569342513834356,31454.62384285714,-0.639966026725458,82574.53,0,5638.93994140625,0.021265869083087807,-0.013890984206835322,-0.14698127597438593,44.19591694876242
2025-03-15,84338.44,85117.04,81981.12,82574.53,17596.12531,82460.13142857143,88932.54266666668,-0.0209146624006799,0.0371825706048155,0.0013873197804403,-0.0714925321599936,30237.58553714285,-0.4180710861194424,84010.03,1,5638.93994140625,0.0,0.021265869083087807,-0.17117458638799637,41.76252312108556
2025-03-16,82574.52,84756.83,82456.0,84010.03,17214.74358,83233.58428571429,88480.555,0.017384418341154,0.0278636799826387,0.0093285146969091,-0.0505255081187046,25892.06547,-0.3351344024699008,82715.03,0,5638.93994140625,0.0,0.0,-0.16591367583326572,44.44340295364591
2025-03-17,84010.02,84021.74,81134.66,82715.03,17610.89883,83202.44714285714,88033.78533333332,-0.0154147088644902,0.0343659006389952,-0.0058582068147617,-0.0604172058851525,21440.75551285714,-0.1786250806582134,86845.94,1,5675.1201171875,0.006416130719105961,0.0,-0.17063775397339492,42.540869031107
2025-03-18,82715.03,87000.0,82547.16,86845.94,28151.05374,83654.70714285715,87735.98333333334,0.0499414677114909,0.0538335052287352,0.0381476783092813,-0.010144564402405,20900.336618571426,0.3469186766583366,84223.39,0,5614.66015625,-0.010653512117636543,0.006416130719105961,-0.20108341157829582,49.90734539461
2025-03-19,86845.93,87453.67,83655.23,84223.39,22090.30463,84098.65142857144,87354.37166666666,-0.0301976154783533,0.0437376858074984,0.0014832410426284,-0.0358423008136798,20120.912405714284,0.0978778787251423,84088.79,0,5675.2900390625,0.010798495567894584,-0.010653512117636543,-0.22565304626326593,45.885384455686854
2025-03-20,84223.38,84850.33,83175.25,84088.79,11956.97443,84113.73571428572,86935.85233333333,-0.0015980123333925,0.0198885392630882,-0.0002965712326755,-0.0327490012108813,17992.11910285714,-0.3354326768489856,83840.59,0,5662.89013671875,-0.0021848931523151816,0.010798495567894584,-0.2328917227823671,45.68190360820756
2025-03-21,84088.79,84539.17,83625.1,83840.59,5420.22114,84042.61428571427,86453.70533333333,-0.0029516419489446,0.0108702955530694,-0.0024038315256051,-0.0302256025147578,17148.61738,-0.6839266385218049,86082.5,1,5667.56005859375,0.0008246534476661349,-0.0021848931523151816,-0.24358845824560046,45.283129459738994
2025-03-22,83840.59,86129.64,83809.75,86082.5,8461.97813,84543.75285714286,86117.05600000001,0.026740150564303,0.0276702489808337,0.0182006013555753,-0.000401267781379,15843.73921142857,-0.4659102868913597,87498.16,1,5667.56005859375,0.0,0.0008246534476661349,-0.23757576995261223,49.56574868077745
2025-03-23,86082.5,88765.43,85519.09,87498.16,30115.62111,85042.05714285714,85815.29433333334,0.016445386692998,0.0377119623616878,0.0288810376848833,0.0196103233082192,17686.721715714284,0.7027248799444217,87392.87,0,5667.56005859375,0.0,0.0,-0.2321948400666005,52.11444564193825
2025-03-24,87498.16,88539.63,86310.0,87392.87,22643.25248,85710.31999999999,85519.79000000001,-0.0012033395902269,0.0254820215647963,0.0196306582451215,0.0219022988714072,18405.62938,0.2302351640637024,86909.17,0,5767.56982421875,0.017646000146633645,0.0,-0.21724189872075597,51.90435376593089
2025-03-25,87392.88,88275.0,85860.0,86909.17,18408.78485,85719.35285714285,85364.99966666666,-0.005534890256506,0.0276338301243762,0.0138803794382356,0.0180890334371583,17013.87668142857,0.0819864981209154,87232.01,1,5776.64990234375,0.0015743334544251475,0.017646000146633645,-0.21875449083026519,50.889386589066554
2025-03-26,86909.17,87756.39,85800.0,87232.01,17098.03897,86149.1557142857,85316.72,0.0037146828119517,0.0225107431126082,0.0125695287056043,0.0224491752613086,16300.695872857144,0.0489146661812482,84424.38,0,5712.2001953125,-0.011156934922627149,0.0015743334544251475,-0.23196956530533214,51.57008981347136
2025-03-27,87232.01,87515.67,83585.0,84424.38,27182.73169,86197.09714285715,85322.52966666667,-0.0321857767578666,0.0450599498968325,-0.020565856642703,-0.0105265241217707,18475.804052857144,0.4712610943606752,82648.54,0,5693.31005859375,-0.003306980860763864,-0.011156934922627149,-0.24583640133688814,45.64478334093176
2025-03-28,84424.38,84624.73,81644.81,82648.54,11696.39864,86026.80428571429,85253.86166666666,-0.0210346821617169,0.0352969130481029,-0.0392699033023977,-0.0305595736748347,19372.400838571422,-0.3962339135213494,82389.99,0,5580.93994140625,-0.01973722070834405,-0.003306980860763864,-0.20290484185061086,42.331735923273726
2025-03-29,82648.53,83534.64,81565.0,82389.99,9864.49508,85499.30285714286,85188.53,-0.0031281863089397,0.0238315188425008,-0.0363665287696915,-0.0328511361799527,19572.760402857144,-0.4960090004187643,82550.01,1,5580.93994140625,0.0,-0.01973722070834405,-0.21353593130404286,41.85539994094978
2025-03-30,82390.0,83943.08,81278.52,82550.01,20569.13885,84792.42428571428,85071.37933333333,0.0019421046243475,0.0323408180604442,-0.0264459272700861,-0.0296382796786908,18208.977222857146,0.1296152770283123,85158.34,1,5580.93994140625,0.0,0.0,-0.25733448570655176,42.2882386048836
2025-03-31,82550.0,85579.46,82432.74,85158.34,20190.39697,84473.20571428571,84767.65733333332,0.0315970926711083,0.0381189582071472,0.00811066988545,0.0046088647363508,17858.569292857144,0.1305719197828189,82516.29,0,5611.85009765625,0.005538521570653376,0.0,-0.28504587442068524,48.95809507305728
2025-04-01,85158.35,88500.0,82320.0,82516.29,39931.457,83845.65142857142,84644.18,-0.0310252605880693,0.0725706874311209,-0.015854864336094,-0.0251392357986101,20933.236742857145,0.907562480208678,83213.09,1,5633.06982421875,0.0037812354559083605,0.005538521570653376,-0.32217053175053323,43.47691513501001
2025-04-02,82516.28,83998.02,81211.24,83213.09,27337.84135,83271.52,84508.55033333333,0.0084445154338028,0.0337724870777015,-0.0007016804785118,-0.0153293403829974,22396.065654285718,0.2206537421347765,83889.87,1,5670.97021484375,0.006728194715792668,0.0037812354559083605,-0.2972410621093242,45.21885223344542
2025-04-03,83213.09,84720.0,81659.0,83889.87,32915.53976,83195.16142857143,84284.679,0.0081330954060232,0.036785077924639,0.0083503482594359,-0.0046842321129325,23215.038235714284,0.4178542126785021,83537.99,0,5396.52001953125,-0.04839563335990149,0.006728194715792668,-0.24417130805560222,46.92958873840427
2025-04-04,83889.87,84266.0,82379.95,83537.99,9360.40468,83322.22571428571,84071.54900000001,-0.0041945469697353,0.0224824522913195,0.0025895165889369,-0.0063464870856609,22881.324812857143,-0.5909150909504883,78430.0,0,5074.080078125,-0.05974960534553109,-0.04839563335990149,-0.18110936949063047,46.1230928312715
2025-04-05,83537.99,83817.63,77153.83,78430.0,27942.71436,82756.51285714285,83792.49066666668,-0.0611457134652151,0.0797696952009499,-0.0522800285774658,-0.0639972702088436,25463.92756714286,0.0973450299966931,79163.24,1,5074.080078125,0.0,-0.05974960534553109,-0.22361538176445903,36.3558876608934
2025-04-06,78430.0,81243.58,74508.0,79163.24,78387.53089,82272.68857142856,83557.18366666666,0.0093489736070381,0.0858801479025883,-0.0377944203042417,-0.0525860670962217,33723.69785857143,1.324404969429428,76322.42,0,5074.080078125,0.0,0.0,-0.21761666963675738,38.37333113816177
2025-04-07,79163.24,80867.99,76239.9,76322.42,35317.32063,81010.41428571429,83410.11866666666,-0.0358855953849287,0.0584626147186498,-0.0578690323589789,-0.0849740868370102,35884.68695285714,-0.0158108199077368,82615.22,1,5062.25,-0.0023314724921273955,0.0,-0.21639500447684532,33.89094676814614
2025-04-08,76322.42,83588.0,74620.0,82615.22,75488.28772,81024.54714285715,83544.09733333332,0.0824502158081465,0.1175015152821412,0.0196319870117667,-0.0111184076790869,40964.23419857143,0.8427852783497791,79607.3,0,4982.77001953125,-0.015700524562941354,-0.0023314724921273955,-0.2435071177185767,48.29791365401246
2025-04-09,82615.22,82753.21,78464.36,79607.3,33284.80718,80509.43428571429,83433.241,-0.0364087876301727,0.0519135578165864,-0.0112053238694084,-0.0458563152305205,41813.80074571429,-0.2039755634170248,83423.84,1,5456.89990234375,0.09515387644904849,-0.015700524562941354,-0.28520580339643814,43.426313663000286
2025-04-10,79607.3,84300.0,78969.58,83423.84,34435.43797,80442.85857142857,83424.69833333333,0.0479420857132448,0.0669589346705641,0.0370571295141691,-1.028871965359276e-05,42030.92906142857,-0.1807119485826186,85276.9,1,5268.0498046875,-0.03460757958472693,0.09515387644904849,-0.3352370942619236,50.27914521954402
2025-04-11,83423.83,85905.0,82792.95,85276.9,18470.74437,80691.27428571429,83563.40233333335,0.0222127178768943,0.0373040892512367,0.0568292638191432,0.020505360227334,43332.40616,-0.5737429326726314,83760.0,0,5363.35986328125,0.018092095201708958,-0.03460757958472693,-0.30825958583800883,53.240752304396615
2025-04-12,85276.91,86100.0,83034.23,83760.0,24680.04181,81452.70285714287,83555.96233333334,-0.0177880507161903,0.0359507632253561,0.0283268333882526,0.0024419282714102,42866.31008142857,-0.4242555106068624,84591.58,1,5363.35986328125,0.0,0.018092095201708958,-0.2947950918843553,50.58456308041498
2025-04-13,83760.0,85799.99,83678.0,84591.58,28659.09348,82228.18000000001,83564.40033333334,0.0099281279847182,0.0253341690544413,0.0287419714263406,0.0122920724922252,35762.24759428571,-0.1986215797974815,83643.99,0,5363.35986328125,0.0,0.0,-0.30192273651385276,51.998409455727796
2025-04-14,84591.58,86496.42,83600.0,83643.99,20910.99528,83274.11857142857,83600.04899999998,-0.0112019423209732,0.0342400508419395,0.0044416132517113,0.0005256097397744,33704.201115714284,-0.379573032803604,84030.38,1,5405.97021484375,0.007944712390868913,0.0,-0.307040590886985,50.23463146020669
2025-04-15,83643.99,85500.0,83111.64,84030.38,20867.24519,83476.28428571428,83600.72733333333,0.0046194592103987,0.0285538745820231,0.006637762078499,0.0051393412518238,25901.19504,-0.1943520305617527,84947.91,1,5396.6298828125,-0.0017277808903947145,0.007944712390868913,-0.30969186108150026,50.96501338063105
2025-04-16,84030.38,85470.01,83736.26,84947.91,13728.84772,84239.22857142857,83675.15666666668,0.0109190271423263,0.0206324188942142,0.0084127245772499,0.0152106477482144,23107.486545714284,-0.4058701411406308,84474.69,0,5275.7001953125,-0.0224083715440897,-0.0017277808903947145,-0.31124592256226086,52.73882062018878
2025-04-17,84947.92,85132.08,84303.96,84474.69,6529.96315,84389.34999999999,83596.11499999999,-0.0055708250419786,0.0097485612361079,0.0010112650470706,0.010509758736994,19120.990142857143,-0.6584924158627141,85077.01,1,5282.7001953125,0.0013268380955802073,-0.0224083715440897,-0.3078368184984014,51.70005194914886
2025-04-18,84474.7,85677.99,84364.45,85077.01,9666.58153,84360.79428571429,83624.569,0.0071300637942484,0.0155495077224306,0.0084899119353951,0.0173685917591992,17863.252594285714,-0.4588565839855924,85179.24,1,5282.7001953125,0.0,0.0013268380955802073,-0.2951559427702343,52.96979025375517
2025-04-19,85077.0,85320.76,83949.52,85179.24,8091.67725,84563.54285714286,83660.91733333333,0.0012017348989739,0.0161176346133501,0.0072808815957163,0.0181485299834469,15493.48622857143,-0.4777368288437115,87516.23,1,5282.7001953125,0.0,0.0,-0.29512494665537575,53.19469488490388
2025-04-20,85179.24,88465.99,85144.76,87516.23,31773.37262,84981.34999999999,83783.43866666665,0.027436145239145,0.0389910734117844,0.0298286624065163,0.0445528542721228,15938.383248571428,0.9935129005539426,93442.99,1,5282.7001953125,0.0,0.0,-0.28741695942490614,58.12465146299545
2025-04-21,87516.22,93888.0,87076.03,93442.99,43872.74705,86381.20714285715,84028.78833333333,0.0677219605691379,0.0778366570219783,0.0817513796196907,0.1120354327771755,19218.63350142857,1.282823440425087,93691.08,1,5158.2001953125,-0.023567493023827546,0.0,-0.3287481880809606,67.479728139661
2025-04-22,93442.99,94696.05,91935.41,93691.08,27404.16808,87761.30714285714,84235.21900000001,0.0026549878166355,0.0295435751788336,0.0675670526134076,0.1122554332054385,20152.47962857143,0.359841001459066,93980.47,1,5287.759765625,0.025117204723895226,-0.023567493023827546,-0.32524150510867816,67.80396908262462
2025-04-23,93691.07,94005.0,91660.01,93980.47,19497.06071,89051.67285714285,84454.80566666667,0.0030888749589474,0.0250289595369121,0.0553476086941561,0.1127900805423675,20976.510055714287,-0.0705288602243566,94638.68,1,5375.85986328125,0.01666113847096007,0.025117204723895226,-0.3218726607125888,68.20223145290572
2025-04-24,93980.47,95758.04,92855.96,94638.68,27500.66648,90503.67142857144,84712.456,0.0070036891707393,0.0308796072205213,0.0456888489290961,0.1171754954194692,23972.324817142857,0.1471839585760155,94628.0,0,5484.77001953125,0.020259113708281262,0.01666113847096007,-0.3132387294241181,69.13734816286839
2025-04-25,94638.68,95199.0,93870.69,94628.0,9415.06875,91868.09857142858,84958.989,-0.000112850263761,0.0140355930577222,0.0300420001228779,0.1138079809306581,23936.39442,-0.6066630343401569,93749.3,0,5525.2099609375,0.007373133469998461,0.020259113708281262,-0.3144277508315997,69.10183819869967
2025-04-26,94628.0,95369.0,93602.58,93749.3,11162.841,93092.39285714286,85269.81966666666,-0.0092858350593904,0.0186669907426977,0.0070565072257324,0.0994429256034665,24375.132098571423,-0.5420397741904246,95011.18,1,5525.2099609375,0.0,0.007373133469998461,-0.32617685099692245,66.0940057027376
2025-04-27,93749.29,95630.0,92800.01,95011.18,22157.53351,94163.1,85681.90766666667,0.0134602619390504,0.0301867886146125,0.0090065004232017,0.1088826403075377,23001.44079714285,-0.0366893228378841,94256.82,0,5525.2099609375,0.0,0.0,-0.35614911610163635,68.23250508841295
2025-04-28,95011.18,95461.53,93742.54,94256.82,16955.3402,94279.3614285714,86077.46866666667,-0.0079396972019501,0.0180925023770887,-0.0002390918672957,0.095023139737156,19156.09696142857,-0.1148854469603005,94172.0,0,5528.75,0.0006407067039131409,0.0,-0.35577833765674644,65.57004323964537
2025-04-29,94256.82,95228.45,92910.0,94172.0,17661.2751,94348.06428571428,86464.86833333333,-0.0008998818334843,0.0245971591233397,-0.0018661144459848,0.0891359903186884,17764.255107142857,-0.0057970349176898,96489.91,1,5560.830078125,0.005802410694099036,0.0006407067039131409,-0.35683090825773767,65.26168563478214
2025-04-30,94172.0,97424.02,94130.43,96489.91,21380.45343,94706.55571428571,86842.58733333334,0.0246135794078919,0.0349741961517224,0.0188303150955502,0.1110897655505902,18033.31121,0.185608853583357,96887.14,1,5569.06005859375,0.00147999135976562,0.005802410694099036,-0.36509979917192026,69.48493288087991
2025-05-01,96489.9,97895.68,96350.0,96887.14,14905.74811,95027.76428571428,87321.61566666668,0.0041169075727097,0.016019085935419,0.0195666574738646,0.1095436022375931,16234.037157142857,-0.0818212397991474,95856.42,0,5604.14013671875,0.006299102138585644,0.00147999135976562,-0.369308159366927,70.15457941355726
2025-05-02,96887.13,96935.67,95753.01,95856.42,9723.34838,95203.25285714286,87743.06000000001,-0.0106382550499741,0.0122065748051366,0.0068607649765628,0.0924672560997984,16278.077104285712,-0.4026721757301404,94277.62,0,5686.669921875,0.01472657412963474,0.006299102138585644,-0.37767135222637277,66.1011408385837
2025-05-03,95856.42,96304.48,94151.38,94277.62,11036.38342,95278.72714285715,88089.31833333333,-0.0164704669755036,0.0224617193089413,-0.0105071422853512,0.070250307117259,16260.011735714284,-0.3212561221121908,94733.68,1,5686.669921875,0.0,0.01472657412963474,-0.39019740400156355,60.34925107893658
2025-05-04,94277.61,95199.0,93514.1,94733.68,17251.18189,95239.08428571429,88462.50799999999,0.0048375218675992,0.0178716876679414,-0.0053066898900255,0.0708907326027881,15559.104361428572,0.1087516022301471,96834.02,1,5686.669921875,0.0,0.0,-0.4767284326683486,61.394290529176814
2025-05-05,94733.68,96920.65,93377.0,96834.02,16122.64513,95607.25571428573,89075.97533333332,0.022170995574119,0.0374064429883859,0.0128312885517848,0.0870946923413986,15440.147922857142,0.0442027635067219,97030.5,1,5650.3798828125,-0.006381597588933863,0.0,-0.5535477990259401,65.85733315654431
2025-05-06,96834.02,97732.0,95784.61,97030.5,16644.83854,96015.61285714286,89671.55066666666,0.0020290389679163,0.0201105974945582,0.0105700220272212,0.0820655969326162,15294.9427,0.0882576591803772,103261.6,1,5606.91015625,-0.007693239651855532,-0.006381597588933863,-0.5465719559135945,66.25039565658848
2025-05-07,97030.5,104145.76,96876.29,103261.6,34962.02847,96982.99714285714,90569.52333333336,0.0642179520872303,0.0749194325495591,0.0647392124610709,0.1401362864631026,17235.167705714288,1.0285284754385304,102971.99,0,5631.27978515625,0.00434635623313584,-0.007693239651855532,-0.5463224239979653,75.77518998404773
2025-05-08,103261.61,104361.3,102315.14,102971.99,27617.39907,97852.26142857142,91248.08233333332,-0.0028047209413062,0.019815302124381,0.0523210041003068,0.1284838800648842,19051.117842857144,0.4496471701976596,104809.53,1,5663.93994140625,0.005799775094835535,0.00434635623313584,-0.5421506584170758,74.71969654980282
2025-05-09,102971.99,104984.57,102818.76,104809.53,15324.78611,99131.27714285711,92088.15666666668,0.0178450469880206,0.0210330013045296,0.057280134189737,0.1381434246683982,19851.323232857143,-0.2280219343446584,104118.0,0,5659.91015625,-0.0007114809122162891,0.005799775094835535,-0.4447064085441229,76.91671658538485
2025-05-10,104809.53,104972.0,103345.06,104118.0,17987.12197,100537.0457142857,92777.962,-0.0065979687152494,0.0155228250713461,0.0356182565369082,0.1222277117921603,20844.285882857144,-0.1370718061014,102791.32,0,5659.91015625,0.0,-0.0007114809122162891,-0.3137114296341658,74.29975106522649
2025-05-11,104118.0,105819.45,100718.37,102791.32,31272.77792,101688.13714285716,93361.776,-0.0127420811002899,0.048993257649974,0.0108486878424475,0.101000049527764,22847.37103,0.3687692067037788,104103.72,1,5659.91015625,0.0,0.0,-0.359988433734429,69.41995752860282
2025-05-12,102791.32,104976.25,101429.7,104103.72,21253.42409,102726.66571428571,94039.9,0.012767615008738,0.0345024268586102,0.013405032433782,0.107016489809113,23580.339452857144,-0.0986803166048231,103507.82,0,5844.18994140625,0.032558782749008364,0.0,-0.30345038980598676,71.41966352609532
2025-05-13,104103.72,104356.95,102602.05,103507.82,16452.9081,103651.99714285714,94670.44133333332,-0.005724099004339,0.0168572266197595,-0.0013909731296197,0.0933488694274741,23552.920818571427,-0.3014493520044903,103763.71,1,5886.5498046875,0.0072482009835321826,0.032558782749008364,-0.30804556335466005,69.20673062725919
2025-05-14,103507.83,104192.7,101383.07,103763.71,17998.98604,103723.72714285715,95341.09866666669,0.0024720835129091,0.0271441300624309,0.0003854745509461,0.0883418740828719,21129.629042857145,-0.148163651927219,103463.9,0,5892.580078125,0.001024415597859818,0.0072482009835321826,-0.29767421632745195,69.6417334030739
2025-05-15,103763.71,104550.33,103100.49,103463.9,15683.88024,103794.0,95988.88266666669,-0.0028893531274085,0.0139725150536733,-0.003180337977147,0.0778737821054887,19424.84063857143,-0.192586413869625,103126.65,0,5916.93017578125,0.004132332074135769,0.001024415597859818,-0.30094514465559863,68.4221529748259
2025-05-16,103463.9,103709.86,102612.5,103126.65,11250.89622,103553.58857142855,96594.84066666669,-0.0032595910264353,0.0106062114418652,-0.0041228756754681,0.067620685413971,18842.85636857143,-0.4029091980573757,106454.26,1,5958.3798828125,0.007005272294898557,0.004132332074135769,-0.31867277116741344,67.00076972489589
2025-05-17,103126.65,106660.0,103105.09,106454.26,21599.98726,103887.34,97327.493,0.0322672170578604,0.0344713030046065,0.024708689239709,0.0937737808575835,19358.979981428573,0.1157606072593323,105573.74,0,5958.3798828125,0.0,0.007005272294898557,-0.33510025713435454,72.9678309972622
2025-05-18,106454.27,107108.62,102000.0,105573.74,30260.03524,104284.82857142856,98010.71733333332,-0.0082714389944151,0.0479888688354163,0.0123595296288819,0.077165261845242,19214.30245571429,0.5748703503415882,106849.99,1,5958.3798828125,0.0,0.0,-0.3208902261813019,69.39215194021514
2025-05-19,105573.73,107320.0,104184.72,106849.99,23705.48275,104677.15285714284,98733.07566666669,0.0120888027731899,0.0296975393405158,0.0207575109137952,0.0822106905768528,19564.59655,0.211652010784756,109643.99,1,5963.60009765625,0.0008761131291423752,0.0,-0.3283304831453567,71.56700963463375
2025-05-20,106850.0,110797.38,106100.01,109643.99,45531.040345,105553.74857142856,99470.66766666668,0.0261487131492747,0.0439622835751053,0.0387503189979421,0.1022745958378892,23718.61544214285,0.919633144525847,111696.21,1,5940.4599609375,-0.0038802294486252054,0.0008761131291423752,-0.33763044683966276,75.6467321397529
2025-05-21,109643.99,111980.0,109177.37,111696.21,31630.77313,106686.96285714286,100079.10833333334,0.0187171225709681,0.0255611821496098,0.0469527579444236,0.1160791883554118,25666.013597857145,0.2323991417444294,107318.3,0,5844.60986328125,-0.01613513066101424,-0.0038802294486252054,-0.12289873863452812,78.12905276860515
2025-05-22,111696.22,111800.0,106800.0,107318.3,31737.72309,107237.59142857144,100533.349,-0.0391948805429583,0.0447642722376818,0.000752614548251,0.067489555132596,27959.419719285717,0.1351352570492765,107761.91,1,5842.009765625,-0.00044487103794299543,-0.01613513066101424,-0.06830916870965438,63.305019676374265
2025-05-23,107318.3,109506.03,106875.41,107761.91,16782.53129,107899.77142857145,100992.73033333334,0.0041335913818985,0.0245123152342144,-0.0012776804505345,0.0670264052107961,28749.65330071429,-0.4162527417475662,109004.19,1,5802.81982421875,-0.006708297825321674,-0.00044487103794299543,-0.06378801167043356,64.04937356391534
2025-05-24,107761.9,109299.99,106600.64,109004.19,17710.04695,108264.04714285716,101471.58066666666,0.0115281003768494,0.0250492057025721,0.0068364602716746,0.0742336847799572,28193.94754214285,-0.3718493331404572,109434.79,1,5802.81982421875,0.0,-0.006708297825321674,-0.08138090543484013,66.1218757952974
2025-05-25,109004.2,110422.22,108670.58,109434.79,14649.11593,108815.62571428572,101965.14033333331,0.0039502147623669,0.0160694725524337,0.0056900310194419,0.0732568958591897,25963.81621214285,-0.4357872583018498,108938.17,0,5802.81982421875,0.0,0.0,-0.0751106388309808,66.83555090015511
2025-05-26,109434.78,110718.0,107516.57,108938.17,21276.65635,109113.93714285716,102471.436,-0.0045379540215642,0.0292542279520276,-0.0016108587725784,0.0631076742205505,25616.841012142857,-0.1694270054643165,107781.78,0,5802.81982421875,0.0,0.0,-0.0773898908743128,65.1314060409095
2025-05-27,108938.17,109284.7,106769.43,107781.78,15633.78829,108847.90714285716,102897.12266666666,-0.0106151039621833,0.0230889687241855,-0.0097946499004149,0.0474712723421537,21345.805004285718,-0.2675943452654458,105589.75,0,5921.5400390625,0.0204590558452733,0.0,-0.1274429863778292,61.21725454859693
2025-05-28,107781.78,108891.91,105322.86,105589.75,19834.70116,107975.55571428571,103274.88700000002,-0.0203376674610495,0.0331136672636136,-0.0220957947241206,0.0224145779021765,19660.651865714288,0.0088526715937243,103985.48,0,5888.5498046875,-0.005571225417268844,0.0204590558452733,-0.0876299779066101,54.52778223485508
2025-05-29,105589.75,106313.12,103621.0,103985.48,23706.49799,107499.43857142856,103602.003,-0.0151934254982136,0.0254960353632809,-0.0326881574278521,0.003701443880385,18513.33399428572,0.2805093883855384,104591.88,1,5912.169921875,0.004011194261904327,-0.005571225417268844,-0.09027484650112678,50.20392509008332
2025-05-30,103985.47,104900.0,103068.55,104591.88,11289.35922,107046.57714285716,103872.06866666667,0.0058316801376192,0.0176125568312572,-0.0229311128704402,0.006929787213955,17728.595127142857,-0.3632118541239768,105642.93,1,5911.68994140625,-8.118516130162234e-05,0.004011194261904327,-0.09076127183138524,51.76103023754071
2025-05-31,104591.88,105866.91,103752.49,105642.93,9709.70006,106566.39714285712,104163.92833333332,0.0100490592577548,0.0202159096862968,-0.0086656504077845,0.0141987892577721,16585.68842857143,-0.4145735884394446,105857.99,1,5911.68994140625,0.0,-8.118516130162234e-05,-0.09473543915861234,54.42134602402728
2025-06-01,105642.93,105935.63,103659.88,105857.99,13453.98813,106055.42571428572,104497.314,0.0020357254385126,0.0215419053598759,-0.0018616276626676,0.0130211576538704,16414.955885714287,-0.180382315757009,105376.89,0,5911.68994140625,0.0,0.0,-0.05924628308964612,54.96857838707745
2025-06-02,105858.0,106794.67,104872.5,105376.89,13259.52634,105546.67142857144,104867.28966666668,-0.0045448619849232,0.018158004118725,-0.0016085910268267,0.0048594784413056,15269.651598571429,-0.1316418547990634,104696.86,0,5935.93994140625,0.0041020419271569075,0.0,-0.07131679343785427,53.42331847462957
2025-06-03,105376.9,106000.0,104179.0,104696.86,14034.89482,105105.96857142856,105199.39566666666,-0.0064534067713131,0.0172808272021667,-0.0038923438600972,-0.0047769824482546,15041.238245714285,-0.0669056236776931,101508.68,0,5970.3701171875,0.005800290454605506,0.0041020419271569075,-0.07971764518017706,51.23103087870758
2025-06-04,104696.86,105909.71,100372.26,101508.68,22321.50154,104522.95857142856,105355.21766666668,-0.0304515340765712,0.0528903159082327,-0.0288384352359169,-0.0365101772067591,15396.495442857142,0.4497780759812818,104288.44,1,5970.81005859375,7.36874595066439e-05,0.005800290454605506,-0.03194149081964501,42.43829485100514
2025-06-05,101508.69,105333.0,101095.8,104288.44,15839.07385,104566.23857142856,105597.149,0.0273843549749287,0.0417422390142163,-0.002656675569704,-0.0123934122501735,14272.577708571427,0.1097556568557206,105552.15,1,5939.2998046875,-0.005277383403094138,7.36874595066439e-05,-0.06989390132864437,50.427141013476145
2025-06-06,104288.43,105900.0,103871.09,105552.15,8344.93206,104703.42,105673.50066666667,0.0121175474594832,0.0194547947456875,0.0081060389431405,-0.0011483547521479,13851.945257142856,-0.3975624430296622,105734.0,1,6000.35986328125,0.010280683010067904,-0.005277383403094138,-0.09914555101913466,53.581195306887004
2025-06-07,105552.15,106488.14,104964.14,105734.0,8048.06305,104716.43,105765.56766666668,0.0017228450581064,0.0144383605639487,0.0097173862783518,-0.0002984682762367,13614.56854142857,-0.4088638927109533,110263.02,1,6000.35986328125,0.0,0.010280683010067904,-0.09630914998388389,54.0344147772273
2025-06-08,105734.01,110530.17,105318.37,110263.02,19975.37451,105345.72,105947.35066666668,0.0428339944734906,0.0492916139281958,0.0466777387823634,0.0407340939266274,14546.195167142856,0.3732370754326636,110274.39,1,6000.35986328125,0.0,0.0,-0.09707253703536833,63.57351633001814
2025-06-09,110263.02,110400.0,108331.03,110274.39,17071.82839,106045.36285714286,106152.56366666668,0.0001031170740652,0.0187639518670901,0.0398794160245762,0.0388292679042252,15090.809745714285,0.1312731839885738,108645.12,0,6005.8798828125,0.0009199480792858594,0.0,-0.1010724602563131,63.59394260797477
2025-06-10,110274.39,110392.01,108064.0,108645.12,13115.91638,106609.4,106347.69033333332,-0.0147746906602702,0.0211110666764966,0.019095126696145,0.0216030048181174,14959.527111428572,-0.1232399070970709,105671.73,0,6038.81005859375,0.00548298940767844,0.0009199480792858594,-0.1211119481567585,58.529151959138986
2025-06-11,108645.13,108813.55,105671.72,105671.73,17778.67218,107204.12142857142,106399.95733333332,-0.0273680007562235,0.0289182773309765,-0.0142941466069701,-0.0068442445991957,14310.551488571433,0.2423471027093715,106066.59,1,6022.240234375,-0.002743888954607865,0.00548298940767844,-0.22935674891100954,50.60768336959781
2025-06-12,105671.74,106179.53,102664.31,106066.59,26180.81734,107458.14285714284,106485.24966666668,0.0037365713860677,0.0332654690837872,-0.0129497199574052,-0.0039316212149308,15787.943415714286,0.658279146981318,105414.64,0,6045.259765625,0.0038224199557175265,-0.002743888954607865,-0.2176654963468918,51.545554248633465
2025-06-13,106066.59,106252.0,104300.0,105414.64,8798.93969,107438.49857142856,106540.28066666666,-0.0061466103511011,0.0184035331012338,-0.0188373683394602,-0.0105653998621278,15852.80164857143,-0.4449599581791958,105594.01,1,5976.97021484375,-0.011296379879250695,0.0038224199557175265,-0.1795177279195778,49.862067249151494
2025-06-14,105414.63,106128.57,104494.53,105594.01,7164.20047,107418.5,106611.28433333334,0.0017016613348639,0.0155010741867614,-0.0169848769066781,-0.0095419011195167,15726.535565714285,-0.5444514502215728,106794.53,1,5976.97021484375,0.0,-0.011296379879250695,-0.17678035490836483,50.34259971423583
2025-06-15,105594.02,108952.38,104980.37,106794.53,14922.6654,106923.00142857144,106733.547,0.011369109727994,0.0376158612012309,-0.0012015321947097,0.0005713573821359,15004.71997857143,-0.0054685844646626,104551.17,0,5976.97021484375,0.0,0.0,-0.17140635491643771,53.55133452755331
2025-06-16,106794.53,107771.34,103371.02,104551.17,17866.33025,106105.39857142858,106670.11066666666,-0.0210063193311492,0.0412036084619689,-0.0146479688343312,-0.019864427377301,15118.220244285712,0.1817747037223511,104886.78,1,6033.10986328125,0.009392659896159117,0.0,-0.22588484899692332,47.38904549877529
2025-06-17,104551.17,105550.27,103500.0,104886.78,13968.64167,105568.49285714285,106647.212,0.0032100071190021,0.0196102061794239,-0.0064575408693704,-0.01650706068153,15240.038142857144,-0.0834247566140793,104658.59,0,5982.72021484375,-0.008352184790166306,0.009392659896159117,-0.2293338717055854,48.3466601411456
2025-06-18,104886.79,105226.17,103929.27,104658.59,7678.60737,105423.75857142858,106574.16533333334,-0.0021756791298503,0.0123647601380497,-0.0072580278088847,-0.0179741058946319,13797.17174142857,-0.4434651163365927,103297.99,0,5980.8701171875,-0.0003092402101070313,-0.008352184790166306,-0.2336982158699525,47.71077674815346
2025-06-19,104658.59,106524.65,102345.0,103297.99,16419.06283,105028.2442857143,106362.632,-0.013000366238452,0.0399360434723991,-0.0164741808023315,-0.0288131455791728,12402.635382857145,0.3238366140065958,102120.01,0,5980.8701171875,0.0,-0.0003092402101070313,-0.20913845667162043,43.99513209985972
2025-06-20,103297.98,103982.64,100837.9,102120.01,11154.21332,104557.58285714289,106043.42533333332,-0.0114036111838779,0.030443383307205,-0.0233132097217026,-0.0369981950413295,12739.103044285714,-0.1244114062643237,100963.87,0,5967.83984375,-0.002178658486505891,0.0,-0.10957486585538487,41.016809767465624
2025-06-21,102120.02,103399.62,98200.0,100963.87,28746.41072,103896.13428571427,105831.611,-0.0113214823107164,0.0509167546187319,-0.028223035494762,-0.045995151675429,15822.275937142856,0.8168315882115091,105333.93,1,5967.83984375,0.0,-0.002178658486505891,-0.13344817931554565,38.27793152123647
2025-06-22,100963.87,106074.2,99613.33,105333.93,27666.50609,103687.47714285714,105750.67833333332,0.0432834042514416,0.0639919012613125,0.0158789942865947,-0.0039408573060847,17642.82460714286,0.5681449374494695,106083.0,1,5967.83984375,0.0,0.0,-0.11967537618650013,51.46928108277808
2025-06-23,105333.94,106290.0,104622.02,106083.0,14651.69335,103906.30999999998,105653.30533333334,0.0071112881565048,0.0158351619620418,0.0209485833920963,0.0040670253080202,17183.590764285716,-0.1473439078605153,107340.58,1,6025.169921875,0.009606504133156335,0.0,-0.08936186364984954,53.311243446986694
2025-06-24,106083.0,108135.3,105808.03,107340.58,16701.15551,104256.85285714285,105583.49833333332,0.0118546798261738,0.0219381993344834,0.0295781721618108,0.0166416314519099,17573.949884285714,-0.0496640982836846,106947.06,0,6092.18017578125,0.01112172017970181,0.009606504133156335,-0.04443524564462543,56.30937177618526
2025-06-25,107340.59,108272.45,106562.5,106947.06,10573.27279,104583.77714285711,105517.128,-0.003666180705733,0.0159301341645317,0.022597031028194,0.0135516576986439,17987.473515714286,-0.4121868876825343,107047.59,1,6092.16015625,-3.2861029504172024e-06,0.01112172017970181,-0.044903958342136605,55.11665686522453
2025-06-26,106947.06,107735.34,106356.76,107047.59,12232.44042,105119.43428571428,105492.655,0.0009399977895605,0.0128903029218381,0.0183425236959038,0.0147397465728774,17389.3846,-0.2965570259455875,107296.79,1,6141.02001953125,0.008020121275230219,-3.2861029504172024e-06,0.024138966019329206,55.37669155547073
2025-06-27,107047.58,107577.75,106811.51,107296.79,3282.17352,105858.9742857143,105549.55633333334,0.002328030208623,0.0071579385540523,0.0135823696005689,0.0165536808240932,16264.807485714287,-0.7982039736478406,108356.93,1,6173.06982421875,0.005218970885222163,0.008020121275230219,-0.028721179463229878,56.056332338982926
2025-06-28,107296.79,108528.5,107172.52,108356.93,6831.7364,106915.12571428568,105695.27133333332,0.0098804446992309,0.0126376567276616,0.0134855033474618,0.0251823817006206,13134.139725714287,-0.4798489628807065,107146.5,0,6173.06982421875,0.0,0.005218970885222163,-0.018193202511479774,58.92262304437497
2025-06-29,108356.93,108789.99,106733.33,107146.5,9754.12491,107174.06428571428,105780.42533333332,-0.0111707668351252,0.0189804196187544,-0.0002571917552813,0.0129142481925357,10575.228128571429,-0.0776440194564718,105681.14,0,6173.06982421875,0.0,0.0,-0.00803084712019561,54.547782995445274
2025-06-30,107146.51,107540.0,105250.85,105681.14,10505.62437,107116.6557142857,105781.699,-0.0136763203953166,0.0213646716071292,-0.0134014239402197,-0.0009506275750024,9982.93256,0.0523585436301894,108849.6,1,6204.9501953125,0.005164427424532603,0.0,-0.0224230951774253,49.73363288194094
2025-07-01,105681.13,109730.0,105100.19,108849.6,17691.89592,107332.23,105881.41933333334,0.029981416739204,0.0438092401169442,0.0141371329003413,0.0280330645863587,10124.466904285711,0.7474397503843855,109584.78,1,6198.009765625,-0.001118531087121899,0.005164427424532603,-0.05032822369057976,58.302789916607225
2025-07-02,108849.59,110529.18,108530.4,109584.78,13047.08225,107709.04714285712,106021.68233333332,0.0067541825375731,0.0183627701307832,0.0174148124683995,0.0336072545563298,10477.868255714286,0.2452038841855593,107984.24,0,6227.419921875,0.004745096791088033,-0.001118531087121899,-0.0383831704217065,60.00644153045743
2025-07-03,109584.77,109767.59,107245.0,107984.24,11793.86615,107842.85428571427,106131.26166666669,-0.0146054054774217,0.0230195309074426,0.0013110346088497,0.017459307505013,10415.214788571428,0.1323689803249531,108198.12,1,6279.35009765625,0.008338955206607324,0.004745096791088033,-0.06423951018522259,54.760772464272456
2025-07-04,107984.25,108420.56,107756.31,108198.12,3736.9757,107971.61571428573,106354.243,0.0019805666104084,0.0061513600363015,0.0020978132467116,0.0173371268318839,10480.186528571428,-0.6434246957521096,109203.84,1,6279.35009765625,0.0,0.008338955206607324,-0.08835880339070239,55.322825172264615
2025-07-05,108198.12,109700.0,107800.01,109203.84,6447.607,108092.60285714285,106518.08966666668,0.0092951707478836,0.0175602866297492,0.0102804180256976,0.0252140302340945,10425.3109,-0.3815429523545431,108262.94,0,6279.35009765625,0.0,0.0,-0.026080676265673418,57.96730750037542
2025-07-06,109203.85,109700.0,107513.2,108262.94,9405.37601,108252.0942857143,106608.44933333334,-0.0086160881690526,0.0200249350183166,0.0001001894176484,0.0155193202510014,10375.489628571426,-0.0935005145106581,108922.98,1,6279.35009765625,0.0,0.0,-0.060110785088592175,54.70494215656575
2025-07-07,108262.94,109216.56,107429.57,108922.98,9216.0208,108715.21428571428,106714.74866666668,0.0060966384249309,0.0165060176640315,0.0019111006279183,0.0206928410638996,10191.260547142856,-0.0956937311759992,111233.99,1,6229.97998046875,-0.007862297279128794,0.0,-0.07538000887032147,56.55220492993081
2025-07-08,108922.99,111999.79,108324.53,111233.99,17282.2865,109055.84142857142,106747.11433333332,0.0212168248411102,0.0337418207120461,0.0199727822269402,0.0420327583999673,10132.744915714286,0.7055878386120136,116010.0,1,6225.52001953125,-0.0007158868810946961,-0.007862297279128794,-0.07733565623475806,62.34301888944087
2025-07-09,111234.0,116868.0,110500.0,116010.0,24883.450665,109973.73,106938.30133333332,0.0429365122174874,0.0572486829566499,0.0548882901398361,0.0848311461240592,11823.654689285717,1.104548155279664,117527.66,1,6263.259765625,0.0060621034026635545,-0.0007158868810946961,0.00975651707922161,70.95787989052717
2025-07-10,116010.01,118869.98,115222.22,117527.66,25873.521148,111337.07571428572,107234.386,0.0130820607635497,0.0314434935399108,0.0556021814476304,0.0959885572525216,13835.033974714286,0.8701451109760883,117420.0,0,6280.4599609375,0.0027462050044453346,0.0060621034026635545,0.04391562808165579,73.0664602293122
2025-07-11,117527.66,118200.0,116900.05,117420.0,8446.60437,112654.48714285716,107625.995,-0.0009160396795103,0.0110608004958151,0.0423020243401375,0.0910003665935909,14507.838070428572,-0.4177902779865752,119086.64,1,6259.75,-0.0032975229626984737,0.0027462050044453346,0.0021267251468652945,72.66342568154724
2025-07-12,117420.0,119488.0,117224.79,119086.64,9550.792947,114066.31571428572,108059.99666666666,0.0141938340998126,0.0192744847555783,0.044012329619633,0.1020418626084849,14951.15034857143,-0.3612001267907408,119841.18,1,6259.75,0.0,-0.0032975229626984737,-0.0032269031087242936,74.96557717391981
2025-07-13,119086.65,123218.0,118905.18,119841.18,27269.348877,115720.35,108540.88133333334,0.0063359746873389,0.0362158142831291,0.0356102448705003,0.1041109905120725,17503.14647242857,0.5579683869957563,117758.09,0,6259.75,0.0,0.0,-0.06709877212356384,75.95294037979924
2025-07-14,119841.17,119940.83,115736.92,117758.09,32018.46083,116982.50857142858,108946.35066666668,-0.0173820065341485,0.0350790133307276,0.0066298922637468,0.080881454765693,20760.63790528572,0.5422676786751341,118630.43,1,6268.56005859375,0.001407413809457303,0.0,-0.06520368344408142,67.9814384499192
2025-07-15,117758.08,120063.84,117017.29,118630.43,17039.90851,118039.14285714286,109340.88066666666,0.0074079842334385,0.0258712608086001,0.0050092463274893,0.0849595254464171,20726.01247814286,-0.1778491628348739,119177.56,1,6243.759765625,-0.003956298214731202,0.001407413809457303,-0.06790158865273914,69.42846101054963
2025-07-16,118630.44,120998.71,117453.57,119177.56,15728.57651,118491.65142857144,109828.427,0.0046119697440218,0.0298838982642229,0.0057886658102831,0.0851248921192325,19418.173313142852,-0.190007409226573,117924.84,0,6263.7001953125,0.003193657417327689,-0.003956298214731202,0.02580654862134339,70.33402984073228
2025-07-17,119177.56,120820.71,116812.76,117924.84,19924.66266,118548.39142857144,110263.029,-0.0105113747923686,0.0336300726411919,-0.0052598894093568,0.0694866726362105,18568.336386285715,0.0730451153780286,117840.0,0,6297.35986328125,0.00537376740890938,0.003193657417327689,-0.008213647486918978,65.54659921599536
2025-07-18,117924.84,118499.9,117277.34,117840.0,6635.80306,118608.39142857144,110702.40933333334,-0.0007194412983727,0.0103672813972017,-0.0064783900980072,0.0644754771793162,18309.650484857146,-0.6375789332795789,117265.12,0,6296.7900390625,-9.048620868445933e-05,0.00537376740890938,-0.010336538122801395,65.22280595694995
2025-07-19,117840.01,118856.8,116467.02,117265.12,12962.92889,118348.17428571428,111167.98033333333,-0.0048785637407871,0.0202798692905745,-0.0091514236890515,0.0548461854608189,18797.098476714284,-0.3103760718145736,117380.36,1,6296.7900390625,0.0,-9.048620868445933e-05,-0.01799287172117479,62.95347130357087
2025-07-20,117265.11,119676.73,116515.0,117380.36,17107.33128,117996.62857142858,111676.65866666668,0.0009828157752975,0.0269622396636134,-0.0052227642339418,0.051073352314003,17345.381677142857,-0.0137241371549957,119954.42,1,6296.7900390625,0.0,0.0,-0.04973852392387453,63.22966097508163
2025-07-21,117380.36,120247.8,116128.0,119954.42,20959.12973,118310.39,112309.677,0.0219292222310444,0.0350978647535243,0.0138959055075382,0.0680684265524154,15765.477234285714,0.3294319872803771,118755.99,0,6305.60009765625,0.001399134882868358,0.0,-0.07053640609881597,68.82106952725437
2025-07-22,119954.43,120090.0,117301.0,118755.99,14558.75083,118328.32714285716,112757.07899999998,-0.0099907940040229,0.0232504960425388,0.0036142052158528,0.0532020787803488,15411.02613714286,-0.0553029564390101,118340.99,0,6309.6201171875,0.0006375316336257875,0.001399134882868358,-0.023556938238989102,63.9456364850256
2025-07-23,118756.0,119450.0,117103.1,118340.99,15806.89043,118208.81714285714,113165.67866666666,-0.0034946444811209,0.0197623699013102,0.0011181302743528,0.0457321636233667,15422.21384,0.0249430201131226,117614.31,0,6358.91015625,0.007811886951519131,0.0006375316336257875,-0.06752064166937997,62.2997562340714
2025-07-24,118340.98,118451.57,114723.16,117614.31,38406.34873,118164.45571428572,113508.13633333334,-0.0061404764435785,0.031505654254342,-0.0046557631138751,0.0361751483136704,18062.454707142857,1.1263083757276957,117919.99,1,6363.35009765625,0.0006982236416543941,0.007811886951519131,-0.12414637701711656,59.41592414337258
2025-07-25,117614.31,118297.35,117138.38,117919.99,6991.67206,118175.88285714285,113873.90066666668,0.0025990034716014,0.0098539880053711,-0.0021653560012086,0.0355313141083759,18113.293135714284,-0.6140032622662964,119415.55,1,6388.64013671875,0.00397432777929585,0.0006982236416543941,-0.13256644583220661,60.24948043330188
2025-07-26,117919.99,119766.65,117825.5,119415.55,9328.30919,118483.08714285714,114286.166,0.0126828368964413,0.0164615855208264,0.0078700081136354,0.0448819326041614,17594.06175,-0.4698035438007941,118062.32,0,6388.64013671875,0.0,0.00397432777929585,-0.1363823149253079,64.1311472736441
2025-07-27,119415.56,119800.0,117427.5,118062.32,13961.74754,118580.51,114645.017,-0.0113321915502468,0.0198675951442173,-0.0043699424129648,0.0298076888941453,17144.692644285715,-0.185651919828763,117950.76,0,6388.64013671875,0.0,0.0,-0.11963738242924578,58.55901203406964
2025-07-28,118062.32,119273.36,116950.75,117950.76,15137.93445,118294.27285714285,114964.81133333332,-0.000944924680457,0.0196727457159913,-0.0029038840921545,0.0259727183651795,16313.093318571428,-0.0720377702513098,117840.3,0,6389.77001953125,0.00017685810881817865,0.0,-0.11138573802645753,58.11075129654267
2025-07-29,117950.75,118792.0,115796.23,117840.3,15586.73631,118163.46,115321.27133333334,-0.0009364077803659,0.0253984819935439,-0.0027348555974917,0.0218435735015916,16459.948387142857,-0.0530507178154299,115764.08,0,6370.85986328125,-0.002959442388724254,0.00017685810881817865,-0.1103587079766759,57.64026804402506
2025-07-30,117840.29,118922.45,115500.0,115764.08,17010.0073,117795.33,115657.36933333334,-0.0176188466610188,0.029043122687495,-0.0172438924361432,0.0009226447677459,16631.822225714284,0.0227386433761304,113297.93,0,6362.89990234375,-0.0012494327466496813,-0.002959442388724254,-0.02515405758558462,49.52399957208498
2025-07-31,115764.07,116052.0,112722.58,113297.93,24487.10206,117178.7042857143,115805.64699999998,-0.0213031556336954,0.0287603917173955,-0.0331184263332686,-0.021654531233697,14643.358415714289,0.6722326507915054,112546.35,0,6339.39013671875,-0.0036948193411530106,-0.0012494327466496813,0.09123942751798716,41.9652341936957
2025-08-01,113297.92,114063.49,112003.0,112546.35,11507.33428,116411.04142857142,115904.366,-0.0066335727963937,0.0181864768567684,-0.0331986672496418,-0.0289722994559151,15288.453018571428,-0.2473185961966439,114208.8,1,6238.009765625,-0.015992133140148468,-0.0036948193411530106,0.12776271292829242,39.96335658521929
2025-08-02,112546.35,114799.97,111920.0,114208.8,7397.76046,115667.22,116111.85133333334,0.0147712475793306,0.0255891905868115,-0.0126087581252493,-0.0163898113024661,15012.660342857143,-0.5072318768925075,115055.03,1,6238.009765625,0.0,-0.015992133140148468,0.21837880194224038,46.08940033913553
2025-08-03,114208.81,115720.0,114107.6,115055.03,9667.67916,115237.60714285714,116340.415,0.0074094108852022,0.0141180001787952,-0.0015843538180275,-0.0110484821633136,14399.222002857145,-0.3285971173941408,114129.75,0,6238.009765625,0.0,0.0,0.21846811014995557,48.945181574859944
2025-08-04,115055.03,115127.81,112650.0,114129.75,12042.79078,114691.74857142856,116504.612,-0.0080420647406723,0.0215358685317799,-0.0049000785011012,-0.0203842745727524,13957.058621428572,-0.1371541019745776,114992.27,1,6329.93994140625,0.01473710033091602,0.0,0.11085247913389375,46.071413282889495
2025-08-05,114129.75,115716.0,113355.13,114992.27,9761.15318,114284.88714285714,116728.923,0.0075573634394187,0.0206858422102913,0.0061896447975542,-0.0148776580419575,13124.83246,-0.2562835975431569,117472.01,1,6299.18994140625,-0.004857865996303334,0.01473710033091602,0.09440780126320111,49.073128488120624
2025-08-06,114992.27,117621.0,114259.0,117472.01,13468.56263,114528.87714285712,117013.89066666666,0.021564406024857,0.0292367478266147,0.0256977360694085,0.0039150850443761,12618.911792857143,0.0673315457854135,116674.74,0,6345.06005859375,0.007281907295092482,-0.004857865996303334,0.17207647584478408,56.55943446336092
2025-08-07,117472.02,117630.0,115878.71,116674.74,10045.31278,115011.27857142856,117195.249,-0.0067869778692832,0.0149081457865455,0.0144634634901335,-0.0044413831144298,10555.799038571427,-0.048360740547076,116462.25,0,6340.0,-0.0007974800154801898,0.007281907295092482,0.19561759687564106,53.82007615446077
2025-08-08,116674.74,117944.05,116299.13,116462.25,9514.13144,115570.69285714289,117210.324,-0.0018212168289383,0.0140983386806775,0.0077143877986366,-0.0063823217483812,10271.055775714283,-0.0736948909871582,119294.01,1,6389.4501953125,0.007799715348974834,-0.0007974800154801898,0.08715091512024695,53.08215478904001
2025-08-09,116462.25,119311.11,116460.63,119294.01,14322.77073,116297.15142857142,117269.20233333332,0.0243148316299916,0.0244755704101543,0.025768976579527,0.0172663207933419,11260.342957142857,0.2719657637882628,118686.0,0,6389.4501953125,0.0,0.007799715348974834,0.05879774936040649,60.796413601878015
2025-08-10,119294.27,122335.16,118050.11,118686.0,26494.33429,116815.8614285714,117311.40233333332,-0.0050989037444967,0.0359199985045384,0.0160092863123053,0.0117175111653753,13664.150832857142,0.9389667615708028,120134.08,1,6389.4501953125,0.0,0.0,0.058036437112452904,58.56968148966964
2025-08-11,118686.0,120324.43,118207.47,120134.08,16720.10893,117673.62285714284,117346.317,0.012200933555769,0.0178366445916114,0.0209091645444125,0.0237567149210145,14332.33914,0.1666001457735529,123306.43,1,6373.4501953125,-0.0025041278217863283,0.0,0.04182228897466836,62.127475376128174
2025-08-12,120134.09,123667.79,118920.92,123306.43,23210.07102,118861.36,117461.82533333334,0.0264066594253138,0.0395130974064064,0.0373970986029437,0.0497574820592207,16253.613117142855,0.427994554362814,118295.09,0,6445.759765625,0.01134543584661274,-0.0025041278217863283,0.17368383343141172,68.50775066920524
2025-08-13,123306.44,124474.0,117180.0,118295.09,27980.947586,118978.94285714289,117479.72533333332,-0.0406414295960535,0.0591534391877666,-0.0057476797214778,0.0069404713396561,18326.810968,0.5267766789790572,117342.05,0,6466.580078125,0.0032300788824048965,0.01134543584661274,0.11519483441890976,53.24722219193049
2025-08-14,118295.09,119216.82,116803.99,117342.05,13623.33874,119074.27285714286,117436.77933333334,-0.0080564628675627,0.0203967045462326,-0.0145474149501719,-0.0008066411040144,18837.957533714285,-0.2768144468094105,117380.66,1,6468.5400390625,0.00030309080129242716,0.0032300788824048965,0.13633013523312015,50.92398173400237
2025-08-15,117342.04,117898.99,117143.98,117380.66,6393.68117,119205.47428571428,117376.88266666669,0.0003291233048275,0.0064342668663337,-0.0153081416491035,3.218123745932753e-05,18392.178923714288,-0.6523695644480605,117405.01,1,6449.7998046875,-0.0028971350972291088,0.00030309080129242716,0.1299593355396084,51.01722424361978
2025-08-16,117380.66,118575.0,117172.21,117405.01,5898.64192,118935.61714285715,117359.555,0.0002074447357851,0.0119507762181605,-0.0128692075563764,0.0003873140112025,17188.73195085714,-0.6568308856718279,116227.05,0,6449.7998046875,0.0,-0.0028971350972291088,0.15306044781655784,51.080350758947496
2025-08-17,117405.01,117543.75,114640.14,116227.05,17745.93954,118584.33857142855,117305.79,-0.0100333026674073,0.0247315680991807,-0.0198785826174564,-0.0091959655188374,15938.961272285716,0.1133686340562365,112872.94,0,6449.7998046875,0.0,0.0,0.1551803429156364,47.86656481818111
2025-08-18,116227.05,116725.69,112732.58,112872.94,18065.47424,117547.03285714284,117159.384,-0.028858256318129,0.0343561158955682,-0.0397635971196598,-0.0365864334008448,16131.156316571429,0.1199119198566973,114271.24,1,6449.14990234375,-0.00010076318078544588,0.0,0.1553219801311951,40.125286771792986
2025-08-19,112872.95,114615.38,112380.0,114271.24,15636.34194,116256.29142857144,117055.74666666666,0.0123881762636664,0.0198043906888231,-0.0170747871291856,-0.0237878681394083,15049.195019428573,0.0390151712309808,112500.0,0,6411.3701171875,-0.005858103118756786,-0.00010076318078544588,0.11478335277725177,44.17841469504323
2025-08-20,114271.23,114821.76,112015.67,112500.0,10839.69235,115428.42142857144,116807.266,-0.0155002269600143,0.024556399716709,-0.0253700205922297,-0.0368749834449511,12600.44427142857,-0.1397372889002862,116935.99,1,6395.77978515625,-0.0024316693228262354,-0.005858103118756786,0.12642582454719808,40.44368384984378
2025-08-21,112500.0,117429.05,111684.79,116935.99,23128.09037,115370.41285714286,116746.59933333332,0.0394310222222222,0.0510600888888889,0.0135700055506927,0.0016222371165255,13958.265932857144,0.6569458184313206,115438.05,0,6370.169921875,-0.004004181529308926,-0.0024316693228262354,0.04738261111374457,51.50162343289636
2025-08-22,116936.0,117030.0,114560.0,115438.05,11329.36197,115092.89714285715,116649.83466666666,-0.0128099986317301,0.0211226653896148,0.0029989066720115,-0.0103882244679506,14663.36319,-0.2273694770292326,113493.59,0,6466.91015625,0.015186444876893468,-0.004004181529308926,-0.00988770514953032,48.244159093677546
2025-08-23,115438.06,115666.68,110680.0,113493.59,21175.98462,114534.12285714284,116512.47733333331,-0.0168442712914614,0.0431978846491355,-0.0090849157542394,-0.0259104209474194,16845.840718571428,0.2570452833888471,110111.98,0,6466.91015625,0.0,0.015186444876893468,-0.006533874245696399,44.32496782528248
2025-08-24,113493.59,113667.28,109274.1,110111.98,25182.79379,113660.54142857144,116252.21033333334,-0.0297956034345199,0.0387086178170942,-0.0312206979130175,-0.0528181813982485,17908.24846857143,0.4062119941095988,111763.22,1,6466.91015625,0.0,0.0,-0.006529787421656949,38.471654519579005
2025-08-25,110111.98,112371.0,108666.66,111763.22,18452.43877,113502.01,115997.13266666669,0.0149960067923581,0.0336415710624765,-0.0153194643865777,-0.0365001493513929,17963.529115714286,0.0272167930441921,111262.01,0,6439.31982421875,-0.004266385548063467,0.0,-0.0295165972125471,42.466891510402235
2025-08-26,111763.22,112625.0,110345.42,111262.01,13392.60875,113072.12,115770.45566666666,-0.0044845701474958,0.0203965132715396,-0.0160084554884086,-0.0389429724596373,17642.995802857142,-0.2409107330949331,112566.9,1,6465.93994140625,0.004133995191134998,-0.004266385548063467,-0.033498561381302645,41.58423797153509
2025-08-27,111262.01,113485.9,110862.42,112566.9,11104.27744,113081.67714285714,115590.99366666666,0.011728082208833,0.0235792971922761,-0.0045522595336715,-0.0261620180841021,17680.793672857144,-0.3719582024732946,108377.4,0,6481.39990234375,0.0023909843081744153,0.004133995191134998,-0.02509638057730399,44.80093651610274
2025-08-28,112566.9,112638.64,107463.9,108377.4,22580.31045,111859.02142857145,115275.56366666668,-0.03721786777463,0.045970351852987,-0.0311250839146188,-0.0598406413922516,17602.539398571425,0.2827870989928054,108816.33,1,6501.85986328125,0.0031567194195349924,0.0023909843081744153,-0.048833858751996174,37.63538455933719
2025-08-29,108377.4,108926.15,107350.1,108816.33,10708.39159,110913.06142857144,115043.972,0.0040500141173344,0.0145422385109809,-0.0189042787347613,-0.0541327102301369,17513.829344285714,-0.3885750866075524,108246.35,0,6460.259765625,-0.00639818429357164,0.0031567194195349924,-0.06925896245952107,38.74086526906538
2025-08-30,108816.33,109480.02,108076.93,108246.35,9489.51596,110163.45571428572,114875.586,-0.0052380005831844,0.0128941124921232,-0.0174023745157178,-0.0577079624211883,15844.33382142857,-0.4010782613551121,109237.42,1,6460.259765625,0.0,-0.00639818429357164,-0.09538779357555699,37.803741949007346
2025-08-31,108246.36,109912.4,107255.0,109237.42,16053.60219,110038.51857142858,114765.28833333332,0.0091555965484659,0.0245495552922056,-0.0072801649988459,-0.0481667271839003,14540.163592857143,0.1040867654258259,111240.01,1,6460.259765625,0.0,0.0,-0.1450299072252354,40.498885642416326
2025-09-01,109237.43,111771.52,108393.39,111240.01,18510.28756,109963.77428571427,114666.32866666668,0.0183323609865226,0.0309246565028123,0.0116059649877942,-0.0298807741253051,14548.427705714286,0.2723222010258598,111705.71,1,6460.259765625,0.0,0.0,-0.14558450980578466,45.626090009149365
2025-09-02,111240.01,112575.27,110528.71,111705.71,11773.72084,110027.16,114554.68466666668,0.0041864433489354,0.018397697015669,0.0152557786641044,-0.0248699970233138,14317.158004285711,-0.1776495840532288,110730.87,0,6415.5400390625,-0.006922279936861564,0.0,-0.15084730374949123,46.77469983328038
2025-09-03,111705.72,112180.0,109329.12,110730.87,12203.13536,109764.87,114441.38866666668,-0.0087269479127837,0.0255213430431315,0.0088006299283185,-0.032422873489191,14474.137707142856,-0.1569007006215048,110659.99,0,6448.259765625,0.0051000736279842585,-0.006922279936861564,-0.14362181596120388,44.64851615863752
2025-09-04,110730.87,113384.62,110206.96,110659.99,21587.40888,110090.95428571428,114296.97933333334,-0.0006401105671795,0.0286971465138853,0.0051687781069544,-0.0318205201445131,14332.294625714285,0.5062074457546353,110187.97,0,6502.080078125,0.008346486409699372,0.0051000736279842585,-0.12344258695841526,44.4901622415242
2025-09-05,110660.0,111307.7,109977.0,110187.97,5000.29897,110286.90285714286,114054.178,-0.0042655882884511,0.0120251219953008,-0.000897049917804,-0.0338979953895245,13516.852822857143,-0.6300692893878048,111137.34,1,6481.5,-0.003165152978388819,0.008346486409699372,-0.180119040897004,43.38659519055519
2025-09-06,110187.98,111600.0,110180.0,111137.34,5681.29944,110699.90142857144,113869.598,0.0086158217983486,0.0128870680812916,0.003951571462878,-0.0239946223398452,12972.821891428572,-0.5620614013244289,112065.23,1,6481.5,0.0,-0.003165152978388819,-0.18534854245928103,46.27318843307345
2025-09-07,111137.35,112924.37,110621.78,112065.23,11582.40211,111103.87428571428,113723.03066666666,0.0083489483958362,0.0207184173457437,0.0086527649955167,-0.0145775280253112,12334.079022857142,-0.0609430920188006,111546.39,0,6481.5,0.0,0.0,-0.19212073838887395,49.00971356610209
2025-09-08,112065.23,113293.29,110766.66,111546.39,15379.28248,111147.64285714286,113464.77666666669,-0.0046298035528057,0.0225460653585415,0.0035875447522503,-0.0169073321520955,11886.792582857142,0.2938126389266391,113960.0,1,6495.14990234375,0.0021059789159529885,0.0,-0.19509789285817264,47.551261839486294
2025-09-09,111546.38,114313.13,110917.45,113960.0,17517.41823,111469.68428571428,113307.24333333336,0.0216378155884574,0.0304418664236347,0.0223407443040983,0.0057609438502209,12707.32078142857,0.3785296311714476,115482.69,1,6512.60986328125,0.0026881536531127015,0.0021059789159529885,-0.17115670510231665,54.356006844127826
2025-09-10,113960.0,115488.09,113430.0,115482.69,13676.73119,112148.5157142857,113152.197,0.0133616181116181,0.0180597578097577,0.0297299903122086,0.0205960914749185,12917.834471428572,0.058747982895271,116029.42,1,6532.0400390625,0.002983469943562689,0.0026881536531127015,-0.1420434170011685,58.053454966602054
2025-09-11,115482.69,116665.63,114740.99,116029.42,15324.10719,112915.57714285716,112909.63,0.0047343026041391,0.0166660475262569,0.0275767341932222,0.0276308584130512,12023.077087142858,0.2745578423003851,115918.29,0,6587.47021484375,0.008485890387959882,0.002983469943562689,-0.2575765921539802,59.32744492931373
2025-09-12,116029.41,116298.78,115127.27,115918.29,8269.40394,113734.19428571429,112830.40333333334,-0.0009576882274934,0.0100966642853738,0.0192035097975811,0.0273675053482185,12490.092082857142,-0.3379229003963954,115268.01,0,6584.2900390625,-0.00048276131466740146,0.008485890387959882,-0.23768924847545264,58.93562116849717
2025-09-13,115918.29,116165.19,115135.0,115268.01,6707.60197,114324.29,112761.26866666666,-0.0056098136023227,0.0088872083948098,0.0082547637076948,0.0222305172952914,12636.70673,-0.469196989902764,115349.71,1,6584.2900390625,0.0,-0.00048276131466740146,-0.23775810983880122,56.580799779012416
2025-09-14,115268.01,116757.99,114384.0,115349.71,13212.51149,114793.50142857144,112693.57033333337,0.0007087829485389,0.0205953932925536,0.0048452966806197,0.0235695759643618,12869.57949857143,0.0266467130077278,116788.96,1,6584.2900390625,0.0,0.0,-0.23913837344459865,56.81426744436955
2025-09-15,115349.71,116964.27,114737.11,116788.96,10926.9094,115542.44,112673.03533333332,0.0124772745419125,0.0193078942287761,0.0107884167929984,0.0365298108326457,12233.52620142857,-0.1068062290393419,116447.59,0,6615.27978515625,0.004706619226962694,0.0,-0.2106146310339736,60.811859240879436
2025-09-16,116788.96,117286.73,114720.81,116447.59,16754.2454,115897.80999999998,112680.38666666669,-0.0029229646363835,0.021970569820983,0.0047436616791983,0.0334326447110759,12124.501511428572,0.3818502463138318,117073.53,1,6606.759765625,-0.0012879303382402618,0.004706619226962694,-0.21223265216946907,59.40719982744614
2025-09-17,116447.6,117900.0,116092.76,117073.53,11657.23365,116125.07285714286,112820.40633333332,0.005375207389418,0.0155197702657676,0.008167548312533,0.0376981771728476,11836.001862857143,-0.0151037668740269,115632.38,0,6600.35009765625,-0.0009701681605103207,-0.0012879303382402618,-0.2420771515645415,61.17793425017837
2025-09-18,117073.53,117459.99,115100.0,115632.38,8992.09065,116068.35285714285,112865.77766666668,-0.0123097851410134,0.0201581860562332,-0.0037561733789695,0.0245123224287179,10931.428071428572,-0.1774093383551057,115685.63,1,6631.9599609375,0.004789119185128365,-0.0009701681605103207,-0.23383410357545661,55.20678359931031
2025-09-19,115632.39,116121.81,115408.47,115685.63,4674.92752,116035.11571428573,112971.96533333333,0.0004604246266984,0.0061690327424694,-0.0030118961155366,0.0240206909622204,10417.93144,-0.5512614431257958,115232.29,0,6664.35986328125,0.004885418870829605,0.004789119185128365,-0.2699260545496378,55.38007903575288
2025-09-20,115685.63,115819.06,115188.0,115232.29,4511.52219,116030.01285714286,112915.17533333336,-0.0039187235268547,0.0054549558143046,-0.0068751423661827,0.0205208437203092,10104.205757142858,-0.5535005621980018,112650.99,0,6664.35986328125,0.0,0.004885418870829605,-0.18505101446430852,53.48302394174688
2025-09-21,115232.29,115379.25,111800.0,112650.99,20781.71356,115644.48142857142,112822.27333333332,-0.022400839209218,0.0310611721766529,-0.0258852942362006,-0.0015181694914732,11185.520338571429,0.8579120980485527,111998.8,0,6664.35986328125,0.0,0.0,-0.07932708918225212,44.19897016340033
2025-09-22,112650.99,113290.5,111458.73,111998.8,12301.3203,114960.17285714288,112772.447,-0.0057894741981406,0.016260576138745,-0.0257599895993794,-0.0068602484080175,11381.864752857144,0.0807825050734369,113307.0,1,6693.75,0.004410046474333074,0.0,-0.1053518181950184,42.20549412534148
2025-09-23,111998.8,113940.0,111042.66,113307.0,12369.25967,114511.51714285716,112878.94766666667,0.0116804822908816,0.0258693843148319,-0.0105187423318694,0.0037921361084741,10755.43822,0.1500470196555133,108994.49,0,6656.919921875,-0.005502159197012135,0.004410046474333074,-0.18805081146398958,47.33640062192369
2025-09-24,113307.01,113510.23,108631.51,108994.49,21231.14957,113357.36857142858,112786.65666666666,-0.0380604871666809,0.0430575301563425,-0.0384878250652002,-0.0336224760866362,12123.140494285715,0.7512912252404712,109643.46,1,6637.97021484375,-0.002846617843333288,-0.005502159197012135,-0.018824059518768997,35.99254371044552
2025-09-25,108994.49,110300.0,108620.07,109643.46,14243.01591,112501.80857142856,112732.705,0.005954154196235,0.0154129809681204,-0.0254071344072106,-0.0274032721915081,12873.272674285716,0.1064020991686394,109635.85,0,6604.72021484375,-0.0050090613431266195,-0.002846617843333288,-0.03468539605808776,38.38546213020098
2025-09-26,109643.46,109743.91,109064.4,109635.85,5501.78643,111637.55428571429,112635.00333333334,-6.940678449950943e-05,0.0061974512661312,-0.0179303846140458,-0.0266271873269946,12991.395375714286,-0.5765053505888312,112163.95,1,6643.7001953125,0.005901836747171263,-0.0050090613431266195,-0.04521444086372406,38.36734856948472
2025-09-27,109635.85,112350.0,109189.99,112163.95,7542.3316,111199.22,112761.22166666668,0.0230590632534886,0.0288227801398903,0.0086756903510653,-0.0052967825094364,13424.36814857143,-0.4381611472117869,114311.96,1,6643.7001953125,0.0,0.005901836747171263,-4.324697538631144e-05,47.2694692168405
2025-09-28,112163.96,114400.0,111560.65,114311.96,15541.12005,111436.50142857144,112944.40933333334,0.0191505364111609,0.025314280986513,0.0258035610824671,0.0121081749396785,12675.711932857144,0.2260550044305863,114048.93,0,6643.7001953125,0.0,0.0,0.002755349258539779,53.42495886316377
2025-09-29,114311.97,114792.0,112656.27,114048.93,15044.15633,111729.37714285716,113137.82866666668,-0.002301071357619,0.018683345234974,0.020760456349605,0.0080530212049381,13067.545651428572,0.1512610501846871,118594.99,1,6661.2099609375,0.00263554421636214,0.0,-0.007025651558289838,52.61499863301021
2025-09-30,114048.94,118649.1,113966.67,118594.99,20036.39516,112484.80428571429,113449.74766666668,0.0398605195278448,0.0410563219614317,0.0543200990843677,0.045352611523217,14162.850721428573,0.4147148447794256,120529.35,1,6688.4599609375,0.0040908483833717035,0.00263554421636214,0.06897378315040338,63.04355603883289
2025-10-01,118594.99,121022.07,118279.31,120529.35,19670.83503,114132.64142857144,113759.39233333334,0.0163106384173564,0.0231271152348004,0.0560462676703393,0.0595111975179122,13939.948644285714,0.4111124461038454,122232.0,1,6711.2001953125,0.003399920834961989,0.0040908483833717035,0.09938094961738267,66.4291332014578
2025-10-02,120529.35,123894.99,119248.3,122232.0,23936.328,115931.00428571428,114110.26866666669,0.0141264347646444,0.0385523526012544,0.054351256189904,0.0711744125067143,15324.707514285712,0.5619435462429887,122391.0,1,6715.35009765625,0.0006183547238911569,0.003399920834961989,0.10858468241115808,69.11146566283112
2025-10-03,122232.21,122800.0,121510.0,122391.0,8208.16678,117753.16857142858,114498.93966666666,0.001299084750247,0.010553683026757,0.0393860435760429,0.0689269294223071,15711.333278571428,-0.4775639575289859,123482.31,1,6715.7900390625,6.551280273581206e-05,0.0006183547238911569,0.14418705516846186,69.35768831294358
2025-10-04,122390.99,125708.42,122136.0,123482.31,22043.097553,119370.07714285716,114926.35033333334,0.00891666943784,0.0291885865127816,0.0344494445808349,0.0744473277177156,17782.87127185714,0.2395690896039391,124658.54,1,6715.7900390625,0.0,6.551280273581206e-05,0.17360329921560766,71.06268902668548
2025-10-05,123482.32,126199.63,123084.0,124658.54,19494.628793,120848.16,115408.70266666666,0.0095254122209558,0.0252313853513604,0.0315303104325294,0.0801485253677056,18347.65823514285,0.0625131852336475,121332.95,0,6715.7900390625,0.0,0.0,0.14692667789453467,72.81822469600041
2025-10-06,124658.54,125126.0,120574.94,121332.95,21633.99385,121888.73428571426,115748.55633333333,-0.0266775946517582,0.0365082087436608,-0.0045597674713027,0.0482459033923905,19289.063595142856,0.1215678637426243,123306.0,1,6740.27978515625,0.0036465919796933033,0.0,0.08808639543770498,61.46453051160839
2025-10-07,121332.96,124197.25,121066.14,123306.0,17012.618,122561.7357142857,116123.24866666668,0.0162613687162992,0.0258059310512164,0.0060725664611123,0.0618545503661503,18857.09542942857,-0.0978134430263348,121662.4,0,6714.58984375,-0.0038114057910215715,0.0036465919796933033,0.042721956900729524,64.9556826781203
2025-10-08,123306.01,123762.94,119651.47,121662.4,21559.36007,122723.6,116460.449,-0.0133295205967657,0.0333436302091033,-0.0086470735864984,0.0446671041084514,19126.884720857142,0.1271757207011518,112774.5,0,6753.72021484375,0.0058276636405680815,-0.0038114057910215715,-0.004258852136113525,60.07329456796012
2025-10-09,121662.41,122550.0,102000.0,112774.5,64171.93927,121372.52857142856,116420.93233333332,-0.0730538709532385,0.1689100191258746,-0.0708399888560332,-0.0313211057517814,24874.829188,1.5797941680322185,110644.4,0,6735.10986328125,-0.002755570407195318,0.0058276636405680815,0.1271077767676769,41.78353378502561
2025-10-10,112774.49,113322.39,109561.59,110644.4,35448.51652,119694.44285714286,116259.656,-0.0188880481747247,0.0333479672574888,-0.0756095491245506,-0.0482992655681005,28766.307722285717,0.2322928914696087,114958.8,1,6552.509765625,-0.02711167321141361,-0.002755570407195318,0.19718866965670098,38.739391902946615
2025-10-11,110644.4,115770.0,109565.06,114958.8,32255.30272,118476.7985714286,116223.96866666668,0.0389933878262253,0.0560800185097483,-0.0296935654393768,-0.0108856088910128,30225.19417471429,0.0671661043284232,115166.0,1,6552.509765625,0.0,-0.02711167321141361,0.18064517989593679,47.1396871510029
2025-10-12,114958.81,115963.81,113616.5,115166.0,22557.24033,117120.72142857144,116198.89233333334,0.0018022977099363,0.020418704751728,-0.0166898001030804,-0.0088890032649393,30662.710108571428,-0.2643429021724218,113028.14,0,6552.509765625,0.0,0.0,0.18062876090911542,47.511931289232535
2025-10-13,115166.0,115409.96,109866.0,113028.14,31870.32974,115934.32,116124.23,-0.0185632912491534,0.0481388604275568,-0.0250674692360294,-0.0266618775426972,32125.04380714285,-0.0079288317448525,110763.28,0,6654.72021484375,0.015598671787557583,0.0,0.09412549219433589,44.064017315268096
2025-10-14,113028.13,113612.35,110164.0,110763.28,22986.48811,114142.50285714286,115971.349,-0.0200379321501647,0.0305087768858956,-0.0296052983994243,-0.0449082384994934,32978.45382285714,-0.3029846628507422,108194.28,0,6644.31005859375,-0.0015643266604626893,0.015598671787557583,0.10145391874265888,40.69472537632856
2025-10-15,110763.28,111982.45,107427.0,108194.28,29857.17252,112218.48571428572,115684.85966666669,-0.0231936071232271,0.0411277997545756,-0.035860452836011,-0.0647498703654908,34163.85560142857,-0.1260596324862257,106431.68,0,6671.06005859375,0.004026001159503689,-0.0015643266604626893,0.06816727075916383,37.21840541716823
2025-10-16,108194.27,109240.0,103528.23,106431.68,37920.66838,111312.36857142858,115350.996,-0.0162909736347406,0.0527917975693167,-0.0438467767245171,-0.0773232681926734,30413.674045714288,0.2468295781365341,107185.01,1,6629.06982421875,-0.006294387099829435,0.004026001159503689,0.08669966988042693,35.008711636870515
2025-10-17,106431.68,107499.0,106322.2,107185.01,11123.18766,110818.17,115021.37866666669,0.0070780617199691,0.011056858258744,-0.0327848763429318,-0.0681296708273386,26938.627065714285,-0.5870915161019151,108642.78,1,6664.009765625,0.0052707155502571545,-0.006294387099829435,0.09895321364212908,36.73748074651303
2025-10-18,107185.0,109450.07,106103.36,108642.78,15480.66423,109915.88142857142,114788.392,0.0136005970984745,0.0312236786863834,-0.0115825066589557,-0.0535386191314535,24542.250138571428,-0.3692239243511716,110532.09,1,6664.009765625,0.0,0.0052707155502571545,0.10845927300190479,40.06014141443005
2025-10-19,108642.77,111705.56,107402.52,110532.09,19193.4416,109253.89428571428,114616.60733333332,0.0173902046127873,0.0396072375547861,0.0116993149090234,-0.035636348242751,24061.70746285714,-0.202324206225682,108297.67,0,6664.009765625,0.0,0.0,0.10563030698200199,44.15397928585643
2025-10-20,110532.09,114000.0,107473.72,108297.67,37228.01659,108578.11285714284,114385.45333333334,-0.0202151248565009,0.0590442105998357,-0.0025828672995249,-0.0532216567398022,24827.09129857143,0.4994916698977993,107567.44,0,6735.1298828125,0.010672270853256949,0.0,0.05886652919033824,40.620470729346124
2025-10-21,108297.66,109163.88,106666.69,107567.44,28610.78451,108121.56428571428,114216.00166666668,-0.0067427126310947,0.0230585776276237,-0.0051250117344768,-0.0582104220919074,25630.562212857145,0.1162761188144315,110078.18,1,6735.35009765625,3.2696450934288634e-05,0.010672270853256949,0.05833375072151913,39.50772019506451
2025-10-22,107567.45,111293.61,107500.0,110078.18,17573.09294,108390.69285714286,114151.981,0.0233409827973052,0.0352672671890985,0.0155685612701195,-0.035687519080374,23875.69370142857,-0.2639756080072122,111004.89,1,6699.39990234375,-0.005337539220865439,3.2696450934288634e-05,0.033418657829890785,45.07857000413986
2025-10-23,110078.19,112104.98,109700.01,111004.89,15005.16913,109044.00857142857,114075.244,0.008418561388046,0.021847833798866,0.0179824774809793,-0.0269151648713544,20602.05095142857,-0.2716662450075377,111646.27,1,6738.43994140625,0.0058273934429324825,-0.005337539220865439,0.05829516446408704,47.018010894638195
2025-10-24,111004.9,111943.19,110672.86,111646.27,6407.96864,109681.33142857144,114163.63666666669,0.0057778530497303,0.0114439092328356,0.0179149773788823,-0.0220505122311129,19928.448234285715,-0.6784511987754537,114559.4,1,6791.68994140625,0.00790242258787388,0.0058273934429324825,0.04010761238795034,48.37675068993644
2025-10-25,111646.27,115466.8,111260.45,114559.4,13454.47737,110526.56285714284,114327.50133333332,0.0260924973131658,0.0376756876875511,0.0364874925864621,0.0020283716862711,19638.99296857143,-0.3149100164386535,114107.65,0,6791.68994140625,0.0,0.00790242258787388,0.040941029101191455,54.1306205736559
2025-10-26,114559.41,116400.0,113830.01,114107.65,21450.23241,111037.35714285714,114476.56133333332,-0.0039434560635395,0.0224336874639979,0.0276509900464643,-0.0032225927214841,19961.391655714287,0.0745860198509509,112898.45,0,6791.68994140625,0.0,0.0,0.044191368182984234,53.14145024418315
2025-10-27,114107.65,116086.0,112211.0,112898.45,15523.42257,111694.61142857144,114501.04466666668,-0.0105970108051475,0.0339591604944979,0.0107779467248375,-0.0139963322721824,16860.735367142857,-0.0793152118233779,110021.29,0,6875.16015625,0.012290050865671143,0.0,0.019603624344347384,50.482247691292315
2025-10-28,112898.44,113643.73,109200.0,110021.29,21079.71376,112045.16142857145,114358.02233333333,-0.0254844088191121,0.0393604198605401,-0.0180629971233666,-0.0379224145787737,15784.868117142856,0.3354380666067634,108322.88,0,6890.89013671875,0.0022879438603986557,0.012290050865671143,0.01863522275411539,44.74488890202738
2025-10-29,110021.3,111592.0,106304.34,108322.88,25988.82838,111794.40428571428,114167.154,-0.0154371926163388,0.0480603301360736,-0.0310527553493827,-0.051190502655431,16987.116037142856,0.5299141021450975,109608.01,1,6890.58984375,-4.3578255173426506e-05,0.0022879438603986557,0.022481371855395862,41.72991191232456
2025-10-30,108322.87,111190.0,108275.28,109608.01,21518.20439,111594.85,113867.588,0.0118639766468521,0.0269077065627969,-0.0178040474089977,-0.0374081692149306,17917.549645714284,0.2009568727578193,110098.1,1,6822.33984375,-0.00990481243951924,-4.3578255173426506e-05,-0.0364341182657297,44.76283340071486
2025-10-31,109608.01,110564.49,109394.81,110098.1,7378.50431,111373.68285714283,113519.87966666666,0.00447129730756,0.0106714828596925,-0.0114531801806267,-0.0301425589660081,18056.19759857143,-0.5913589076703629,110540.68,1,6840.2001953125,0.0026179217059763005,-0.00990481243951924,-0.04494477690329404,45.91887815665024
2025-11-01,110098.1,111250.01,109471.34,110540.68,12107.00087,110799.58,113130.169,0.0040198695526987,0.0161553196649169,-0.0023366514566209,-0.0228894646131042,17863.700955714285,-0.3222568548357174,106583.04,0,6840.2001953125,0.0,0.0026179217059763005,-0.046202430564708526,46.997672894815835
2025-11-02,110540.69,110750.0,105306.56,106583.04,28681.18779,109724.6357142857,112603.237,-0.035802653303503,0.0492437671594053,-0.0286316349453752,-0.0534638005122357,18896.69458142857,0.5177886093469226,101497.22,0,6840.2001953125,0.0,0.0,-0.039691940193095986,39.424344421755954
2025-11-03,106583.05,107299.0,98944.36,101497.22,50534.87376,108095.88857142856,111870.40066666664,-0.0477170619530966,0.0783861974300791,-0.0610445841986695,-0.092724980020184,23898.330465714283,1.114577578232915,103885.16,1,6851.97021484375,0.0017207127269924793,0.0,-0.04455991864863475,32.235565679430806
2025-11-04,101497.23,104534.74,98966.8,103885.16,33778.77571,107219.2985714286,111177.95466666666,0.0235270460090389,0.0548580488354214,-0.031096440807318,-0.0655956901575666,25712.482172857148,0.313711196099841,101346.04,0,6771.5498046875,-0.011736830084583816,0.0017207127269924793,-0.107144758403964,37.95610288057125
2025-11-05,103885.16,104200.0,100300.95,101346.04,25814.62139,106222.60714285714,110511.72433333332,-0.024441604556416,0.0375323097158439,-0.0459089385397849,-0.0829385695375374,25687.59546,0.0049450299930875,103339.08,1,6796.2900390625,0.0036535556982648654,-0.011736830084583816,-0.10607208775297253,34.61040881958921
2025-11-06,101346.04,104096.36,99260.86,103339.08,32059.50942,105327.04571428572,109846.16033333332,0.0196656919204737,0.0477127670701292,-0.0188742188751629,-0.0592381227854236,27193.49617857143,0.1789403322572036,102312.94,0,6720.31982421875,-0.011178189042419073,0.0036535556982648654,-0.13808914790126703,39.14480770130149
2025-11-07,103339.09,103406.22,101454.0,102312.94,12390.77985,104214.88,109201.17833333332,-0.0099299306777328,0.0188913991791489,-0.0182501769421027,-0.0630784249626609,27909.535541428573,-0.5560377623766874,104722.96,1,6728.7998046875,0.0012618418007710464,-0.011178189042419073,-0.13226198109650988,37.69545085310706
2025-11-08,102312.95,105495.62,101400.0,104722.96,16338.97096,103383.77714285711,108932.79366666666,0.0235552781930343,0.040030318742642,0.0129535106392212,-0.0386461553492211,28514.10269714286,-0.4269863185406433,106011.13,1,6728.7998046875,0.0,0.0012618418007710464,-0.1910649824036058,43.03054334756964
2025-11-09,104722.95,106670.11,104265.02,106011.13,22682.25673,103302.0757142857,108778.35133333332,0.0123008375909961,0.0229662170517541,0.0262245871342124,-0.0254390813927086,27657.112545714288,-0.1798761822114067,103058.99,0,6728.7998046875,0.0,0.0,-0.3804177559343912,45.70666547143168
2025-11-10,106011.13,107500.0,102476.09,103058.99,24196.50718,103525.18571428572,108381.691,-0.027847453375886,0.0473904013663471,-0.0045032106058939,-0.0491107026554881,23894.488748571428,0.0126396691139344,101654.37,0,6832.43017578125,0.01540101862170995,0.0,-0.4476248637956256,40.95820116646575
2025-11-11,103059.0,105333.33,100813.59,101654.37,20457.63906,103206.50142857144,107931.30333333332,-0.0136293773469566,0.0438558495619014,-0.0150390857851688,-0.0581567454434211,21991.469227142858,-0.0697465981604237,99692.02,0,6846.60986328125,0.002075350517340535,0.01540101862170995,-0.4461197296207462,38.88807567001142
2025-11-12,101654.37,104085.01,98000.4,99692.02,36198.50771,102970.21285714286,107486.766,-0.0193041381300183,0.0598558625664592,-0.0318363220409275,-0.0725181926117304,23474.881558571426,0.5420102384620029,94594.0,0,6850.919921875,0.0006295171887717999,0.002075350517340535,-0.4241595660012272,36.13989670191257
2025-11-13,99692.03,99866.02,94012.45,94594.0,47288.14481,101720.9157142857,106947.79,-0.0511377890489339,0.0587165292952707,-0.0700634246579516,-0.1155123448553729,25650.4009,0.8435635760375191,95596.24,1,6737.490234375,-0.01655685496159698,0.0006295171887717999,-0.16828724908593504,30.174052027778046
2025-11-14,94594.0,96846.68,94558.49,95596.24,15110.89391,100761.38714285714,106527.85533333333,0.0105951751696725,0.0241895891917033,-0.0512611754295731,-0.1026174355911654,26038.98862285714,-0.4196819957617098,94261.44,0,6734.10986328125,-0.0005017255648851471,-0.01655685496159698,-0.15714046927788897,32.53201853564707
2025-11-15,95596.23,96635.11,93005.55,94261.44,23889.4051,99266.88428571427,106122.18066666668,-0.0139627891183574,0.0379676060447153,-0.0504241099308345,-0.1117649542457259,27117.62207142857,-0.1190449871646325,92215.14,0,6734.10986328125,0.0,-0.0005017255648851471,-0.17913592091703678,31.029153867957206
2025-11-16,94261.45,96043.0,91220.0,92215.14,39218.59806,97296.0285714286,105623.185,-0.0217088746247803,0.0511661978465215,-0.0522209245950724,-0.1269422523094716,29479.95654714285,0.3303478923818493,92960.83,1,6734.10986328125,0.0,0.0,-0.19077439596491164,28.830302603405997
2025-11-17,92215.14,93836.01,89253.78,92960.83,39835.14769,95853.43428571428,105100.45333333334,0.0080864161785147,0.0496906473275429,-0.030177367219751,-0.1155049569085271,31714.04804857143,0.2560726284134638,91554.96,0,6672.41015625,-0.00916226617680782,0.0,-0.2132883328180511,30.755972921772155
2025-11-18,92960.83,92980.22,88608.0,91554.96,32286.6376,94410.66142857145,104467.88233333334,-0.0151232513737237,0.0470329277395651,-0.0302476583190974,-0.1236066247818743,33403.90498285714,-0.0334472087449212,86637.23,0,6617.31982421875,-0.008256436690967983,-0.00916226617680782,-0.19387389040018632,29.154344991931453
2025-11-19,91554.96,93160.0,86100.0,86637.23,39733.19073,92545.69142857144,103745.86766666666,-0.0537134197863229,0.0771121520887563,-0.0638437223534248,-0.164909100010001,33908.8597,0.1717642846597994,85129.43,0,6642.16015625,0.0037538357962292324,-0.008256436690967983,-0.1964680063447499,24.373043515431036
2025-11-20,86637.22,87498.94,80600.0,85129.43,72256.12679,91193.61,102997.934,-0.0174034900935187,0.0796302097412636,-0.0664978609795138,-0.1734841011471162,37475.71426857143,0.9280787091120704,84739.74,0,6538.759765625,-0.015567283563270418,0.0037538357962292324,-0.15060782926299987,23.12101703362731
2025-11-21,85129.42,85620.0,83500.0,84739.74,14193.93263,89642.68142857144,102153.31933333332,-0.0045775009391582,0.0249032590613209,-0.0546942745401716,-0.1704651346326947,37344.7198,-0.6199212979501322,86830.0,1,6602.990234375,0.009823035415319481,-0.015567283563270418,-0.11384319650970534,22.79510118416367
2025-11-22,84739.75,88127.64,84667.57,86830.0,19734.46418,88581.04714285713,101347.48966666666,0.0246667001023722,0.0408317230107475,-0.0197677403839352,-0.1432446892805622,36751.15681142857,-0.4630246802499795,88300.01,1,6602.990234375,0.0,0.009823035415319481,-0.13005358178808904,28.608260718537124
2025-11-23,86830.0,89228.0,85272.0,88300.01,24663.12795,88021.74285714285,100569.281,0.0169297477830242,0.0455602902222734,0.0031613455246934,-0.1219981974416224,34671.80393857143,-0.2886690293445347,87369.96,0,6602.990234375,0.0,0.0,-0.15155832744459596,32.4598004790155
2025-11-24,88300.01,88519.99,86116.0,87369.96,19567.0411,87223.04714285715,99662.96633333334,-0.010532841389259,0.0272252517298696,0.0016843352984703,-0.1233457801388138,31776.36014,-0.3842264811390698,90484.02,1,6705.1201171875,0.015467217001293498,0.0,-0.1580413498044352,31.308932837661587
2025-11-25,87369.97,90656.08,86306.77,90484.02,21675.82239,87070.05571428571,98875.51200000002,0.0356421090679097,0.0497803764840482,0.039209395902042,-0.0848692646972084,30260.52939571429,-0.2836932194229924,91333.95,1,6765.8798828125,0.009061696817220577,0.015467217001293498,-0.07076303713802626,39.09531311658503
2025-11-26,90484.01,91950.0,90089.91,91333.95,16833.50932,87741.0157142857,98156.69533333332,0.0093932618591948,0.0205571127981617,0.0409493126614136,-0.0695087106403058,26989.14633714285,-0.3762859665985996,90890.7,0,6812.60986328125,0.006906711511012631,0.009061696817220577,-0.042314367986314876,41.059093966084546
2025-11-27,91333.94,93092.0,90180.63,90890.7,18830.86012,88564.05428571429,97519.009,-0.0048529604657371,0.0318761021368397,0.0262707678984498,-0.0679694048162446,19356.965384285715,-0.0271791189290865,90802.44,0,6812.60986328125,0.0,0.006906711511012631,-0.033420515495709874,40.328783216043014
2025-11-28,90890.71,91165.65,90155.47,90802.44,7429.88291,89430.15428571428,96934.99433333334,-0.0009711663601263,0.0111142271855945,0.0153447763256843,-0.063264607126763,18390.672567142858,-0.5959972163674766,90360.0,0,6849.08984375,0.005354773163420257,0.0,-0.02767963793904286,40.17554750149966
2025-11-29,90802.44,92000.01,90336.9,90360.0,9687.74175,89934.43999999999,96293.394,-0.004872556288135,0.018315697243378,0.0047318913644207,-0.0616178717306402,16955.426505714287,-0.4286347355087143,86286.01,0,6849.08984375,0.0,0.005354773163420257,0.005465026684315674,39.36800856894709
2025-11-30,90360.01,90417.0,83822.76,86286.01,34509.01227,89646.72571428571,95499.65766666668,-0.0450863163915099,0.0729774155624817,-0.0374884379491639,-0.0964783318786975,18361.981408571428,0.8793730100331705,91277.88,1,6849.08984375,0.0,0.0,0.0007081055486990592,32.82526166500769
2025-12-01,86286.01,92307.65,86184.39,91277.88,28210.22732,90205.0,94857.56433333334,0.0578525997435738,0.0709646905680306,0.0118937974613381,-0.0377374683662989,19596.72229714286,0.439538045814578,93429.95,1,6812.6298828125,-0.005323329342915684,0.0,-0.05667367810076126,44.907266075089574
2025-12-02,91277.88,94150.0,90990.23,93429.95,25712.52585,90625.84714285714,94419.128,0.0235771251479547,0.0346170397471983,0.0309415353957755,-0.0104764576940384,20173.39422,0.2745760861852628,92078.06,0,6829.3701171875,0.002457235261999813,-0.005323329342915684,-0.04437604932927626,49.1532109298541
2025-12-03,93429.95,94080.0,90889.0,92078.06,19803.94059,90732.14857142858,94105.156,-0.0144695571387975,0.0341539302975116,0.0148338979045762,-0.0215407538349971,20597.741544285716,-0.0385382520010274,89330.04,0,6849.72021484375,0.0029797912994984355,0.002457235261999813,-0.03881986353488733,46.71748123760383
2025-12-04,92078.06,92692.36,88056.0,89330.04,19792.97218,90509.19714285714,93619.98533333332,-0.0298444602329806,0.0503524943944301,-0.0130280367087556,-0.0458229652360979,20735.18612428572,-0.0454403417764436,89236.79,0,6857.1201171875,0.0010803218396737702,0.0029797912994984355,0.015089399397995194,42.145621703912255
2025-12-05,89330.04,90289.97,88908.01,89236.79,8409.50016,90285.53285714284,93216.34366666668,-0.0010438817669845,0.0154702718144983,-0.0116158461267794,-0.0426915872274201,20875.13144571429,-0.5971522295862483,90395.31,1,6870.39990234375,0.001936641757662061,0.0010803218396737702,0.028252722441000112,41.995435795476126
2025-12-06,89236.8,91760.0,87719.28,90395.31,13021.11185,90290.57714285716,92784.88466666666,0.0129824242913236,0.045280870672189,0.0011599533468165,-0.0257539218295232,21351.327174285718,-0.3901497670982316,90634.34,1,6870.39990234375,0.0,0.001936641757662061,0.0821705571317261,44.63511123361207
2025-12-07,90395.32,92287.15,89612.0,90634.34,15793.63887,90911.76714285716,92395.598,0.0026441634367795,0.0295938993301864,-0.0030516087364269,-0.0190621418998771,18677.702402857143,-0.1544121150798486,92678.8,1,6870.39990234375,0.0,0.0,0.08180695902095916,45.189337335062945
2025-12-08,90634.35,94588.99,89500.0,92678.8,21240.43014,91111.89857142858,91994.126,0.0225571210032399,0.0561485794293223,0.0171975499703041,0.0074425838884539,17682.017091428574,0.2012447465790756,92015.37,0,6846.509765625,-0.003477255626794018,0.0,0.06384408810561824,49.81659378220456
2025-12-09,92678.81,94476.0,91563.15,92015.37,18998.68083,90909.81571428572,91527.60066666668,-0.0071584863897152,0.0314295144704599,0.0121610001849398,0.0053292048494719,16722.896374285712,0.1360879362509052,92513.38,1,6840.509765625,-0.0008763589340257116,-0.003477255626794018,0.06702788817564861,48.38899461201939
2025-12-10,92015.38,93555.0,89260.63,92513.38,19972.58758,90972.00428571428,91176.08033333332,0.0054121387098548,0.0466701327538939,0.0169434072205856,0.0146672204132662,16746.98880142857,0.1926076870784241,90268.42,0,6886.68017578125,0.00674955693920154,-0.0008763589340257116,0.16113524385938238,49.55756779887947
2025-12-11,92513.38,92754.0,89480.0,90268.42,16679.19169,91106.05857142856,90796.54866666668,-0.0242663277463217,0.0353894755547792,-0.0091941039329655,-0.0058166160985429,16302.163017142855,0.0231275243941967,90240.01,0,6901.0,0.002079350841514227,0.00674955693920154,0.15561517581080023,44.64975585117383
2025-12-12,90268.43,90634.55,89766.39,90240.01,5895.70788,91249.37571428572,90481.48166666666,-0.0003148387537037,0.0096175373826708,-0.0110616177522812,-0.0026687412962162,15943.049834285714,-0.6302020039276794,88172.17,0,6827.41015625,-0.010663649289958,0.002079350841514227,0.14524514111514636,44.58957496587842
2025-12-13,90240.0,90472.4,87577.36,88172.17,9416.94004,90931.78428571428,90267.42066666666,-0.0229147828014184,0.0320815602836878,-0.03034818141304,-0.0232115934098068,15428.168147142858,-0.3896268208780235,86432.08,0,6827.41015625,0.0,-0.010663649289958,-0.02204284700301912,40.32883045731516
2025-12-14,88172.16,90052.64,85146.64,86432.08,19778.6919,90331.46142857142,89961.94866666666,-0.0197350274735245,0.0556411456858945,-0.0431674786049466,-0.0392373522248365,15997.461437142858,0.2363644055473635,87863.42,1,6827.41015625,0.0,0.0,-0.0169798943484074,37.11487655554104
2025-12-15,86432.08,88175.98,85266.0,87863.42,18456.05017,89643.55,89748.68133333333,0.0165602864121746,0.033667823335965,-0.0198578704212406,-0.0210060059415394,15599.69287,0.1831034318305781,86243.22,0,6816.509765625,-0.0015965630269072495,0.0,-0.027326229820607985,41.26157178503832
2025-12-16,87863.43,90365.85,85314.0,86243.22,19834.11729,88818.95714285714,89549.61733333333,-0.0184400950429546,0.0574966171932965,-0.028999857977552,-0.0369225177258527,15719.040935714287,0.2617892765287031,85516.41,0,6800.259765625,-0.0023839179519623555,-0.0015965630269072495,-0.01835697617273588,38.19161196435064
2025-12-17,86243.23,89477.61,84450.01,85516.41,25405.41763,87819.39,89301.47,-0.0084275600531194,0.0582955902741584,-0.0262240491536094,-0.0423851925393837,16495.159514285715,0.5401741103502219,88136.94,1,6721.43017578125,-0.011592143912241393,-0.0023839179519623555,0.02181869946614359,36.866490553930724
2025-12-18,85516.41,89399.97,85110.24,88136.94,21256.65004,87514.89285714286,89187.53600000001,0.0306435922649231,0.0501626529925659,0.0071079004104199,-0.0117796280412994,17149.08213571429,0.2395211517315777,88360.9,1,6774.759765625,0.007934262269941872,-0.011592143912241393,0.0493503176462123,44.36216672601305
2025-12-19,88136.95,88573.07,87795.76,88360.9,5123.13194,87246.44857142857,89244.99166666667,0.0025409320381519,0.0088193430791513,0.012773602213264,-0.0099063448845262,17038.714144285714,-0.6993240278217738,88658.86,1,6834.5,0.008818059450332205,0.007934262269941872,0.0958585726839211,44.96357186005764
2025-12-20,88360.91,89081.77,87600.04,88658.86,7132.87258,87315.97571428571,89362.63933333333,0.0033719661782568,0.0167690667739842,0.0153795943380219,-0.007875543276068,16712.41879285714,-0.5731992676578583,88620.79,0,6834.5,0.0,0.008818059450332205,0.02122916616052269,45.80292545990814
2025-12-21,88658.87,90588.23,87900.0,88620.79,14673.2197,87628.64857142858,89492.00766666667,-0.0004295114521536,0.0303210496592162,0.0113221126280715,-0.0097351449518456,15983.06562142857,-0.0819521080907316,87486.0,0,6834.5,0.0,0.0,0.03851815739965494,45.70701032836388
2025-12-22,88620.79,88940.0,86601.9,87486.0,13910.32904,87574.73142857142,89513.87433333333,-0.0128050088472467,0.0263831996984004,-0.0010132081152175,-0.0226543018994116,15333.676888571428,-0.0928249537873257,87669.45,1,6878.490234375,0.006436496360377575,0.0,0.026169838234592076,42.828026169839575
2025-12-23,87486.0,88049.89,86420.0,87669.45,9140.8432,87778.47857142857,89492.85566666667,0.0020969069336807,0.0186302951329355,-0.0012420877326992,-0.0203748740956294,13806.066304285714,-0.337911103819451,87225.27,0,6909.7900390625,0.004550388765703239,0.006436496360377575,0.03528831127240473,43.44816660343838
2025-12-24,87669.44,88592.74,86934.72,87225.27,7096.58235,88022.60142857142,89488.03266666667,-0.0050664176707413,0.0189121773790274,-0.0090582579431992,-0.025285645457144,11190.518407142856,-0.3658397143183032,87369.56,1,6932.0498046875,0.0032214822012188726,0.004550388765703239,0.08729267527573921,42.25310188170038
2025-12-25,87225.27,89567.75,86655.08,87369.56,18344.61505,87912.97571428573,89384.21733333333,0.0016542224518192,0.0333925019664599,-0.0061812913266843,-0.0225392960126309,10774.513408571427,0.7025933658782535,87877.01,1,6932.0498046875,0.0,0.0032214822012188726,-0.01300454100287322,42.8034678684245
2025-12-26,87369.56,87984.0,87253.05,87877.01,4469.55156,87843.84857142856,89268.986,0.0058080869355413,0.008366186117911,0.0003775042773139,-0.0155930526644495,10681.144782857142,-0.5815475165945254,87952.71,1,6929.93994140625,-0.00030436354912266594,0.0,-0.04110910861064385,44.796132164779394
2025-12-27,87877.0,88088.75,87435.0,87952.71,4446.29285,87742.97,89171.053,0.0008615451141937,0.0074393754907427,0.0023903909338834,-0.0136629876962425,10297.347678571428,-0.5682098935774845,87237.13,0,6929.93994140625,0.0,-0.00030436354912266594,-0.04240920305468471,45.10338599509396
2025-12-28,87952.71,90406.08,86806.5,87237.13,19894.98575,87545.30428571429,89052.20933333333,-0.0081359630646969,0.0409263114234911,-0.0035201692224236,-0.020382193175458,11043.314257142858,0.801541211881374,88485.49,1,6929.93994140625,0.0,0.0,-0.04190633361330288,42.684871080576116
2025-12-29,87237.13,89400.0,86845.66,88485.49,13105.91001,87688.08857142857,88989.72566666667,0.0143099618247413,0.0292804222238855,0.0090936117044208,-0.005666223408255,10928.397252857145,0.199252708952684,87648.22,0,6905.740234375,-0.00349205148036813,0.0,-0.0638687672612019,47.93041002220376
2025-12-30,88485.5,89200.0,87250.0,87648.22,11558.62047,87685.05571428571,89035.13266666667,-0.0094623412875555,0.0220375089703962,-0.0004200911316717,-0.0155771393283486,11273.794005714284,0.0252644730018436,88839.04,1,6896.240234375,-0.0013756671519022934,-0.00349205148036813,-0.06835700519762447,44.95845270930277
2025-12-31,87648.21,88919.45,87550.43,88839.04,6279.57133,87915.5942857143,88953.83799999999,0.0135864725588804,0.0156194861252728,0.0105037760568917,-0.0012905345354519,11157.078145714286,-0.4371670388978909,89995.13,1,6845.5,-0.007357666300846111,-0.0013756671519022934,0.02766836823554111,49.732472552577775
2026-01-01,88839.05,90961.81,88379.88,89995.13,17396.97301,88290.67571428572,88839.34400000001,0.0130131963365209,0.0290630077651662,0.0193050316120583,0.0130098439268078,11021.70071142857,0.5784290887123087,90628.01,1,6845.5,0.0,-0.007357666300846111,-0.0021934708538050495,53.91186301058467
2026-01-02,89995.14,90741.16,89314.01,90628.01,7057.46716,88683.67571428572,88791.009,0.0070322686313949,0.0158580785584644,0.0219243763866799,0.0206890429637981,11391.40294,-0.3804567183539554,91529.73,1,6858.47021484375,0.0018947067188299638,0.0,0.026556835261346567,56.06537246279441
2026-01-03,90628.01,91810.0,90628.0,91529.73,10426.5297,89194.67857142857,88864.332,0.00994968332638,0.013042325435591,0.0261792683820423,0.0299940137962214,12245.722489999998,-0.148557407820206,93859.71,1,6858.47021484375,0.0,0.0018947067188299638,0.04653613171838838,59.0045656708663
2026-01-04,91529.74,94789.08,91514.81,93859.71,20673.59584,90140.76142857142,89018.42933333333,0.0254558791492251,0.0357727444653508,0.0412571239968448,0.0543851503887839,12356.952502857142,0.6730335279042229,93747.97,0,6858.47021484375,0.0,0.0,0.04693728054144872,65.43852897382061
2026-01-05,93859.71,94444.44,91262.94,93747.97,18546.41829,90892.54428571428,89130.18466666667,-0.0011905001624233,0.0338963331550885,0.0314154008640125,0.0518094442483559,13134.167971428573,0.412074090292204,91364.16,0,6902.0498046875,0.006354126864826393,0.0,0.03714264542929257,64.91237633479258
2026-01-06,93747.97,93747.97,90675.52,91364.16,14276.49025,91423.39285714286,89154.512,-0.0254278572645359,0.032773509655729,-0.0006478960722384,0.0247844775371548,13522.435082857144,0.0557632676749765,91099.99,0,6944.81982421875,0.006196712678341321,0.006354126864826393,-0.042081011721558474,54.791087885005524
2026-01-07,91364.16,91687.99,89311.0,91099.99,16132.79117,91746.3857142857,89101.885,-0.0028913963637382,0.0260166568597577,-0.0070454624370564,0.0224249464531531,14930.03791714286,0.0805592899048249,90641.28,0,6920.93017578125,-0.003439923431013958,0.006196712678341321,0.006171062738663731,53.79014894980507
2026-01-08,91100.0,92082.55,89694.66,90641.28,15590.27939,91838.69285714286,89056.082,-0.0050353457738748,0.0262117453347969,-0.0130382175517835,0.0177999970849829,14671.938828571429,0.0625916296515795,90504.7,0,6921.4599609375,7.65482590914246e-05,-0.003439923431013958,0.0025638710861825495,52.01329622827492
2026-01-09,90641.27,90832.0,90404.0,90504.7,3104.11722,91821.07714285712,88989.12599999999,-0.0015067088093536,0.0047219108911426,-0.0143363286929109,0.0170310021923353,14107.174551428572,-0.7799618053435329,91013.65,1,6966.27978515625,0.006475487031883276,7.65482590914246e-05,-0.019986559707172547,51.46814029291368
2026-01-10,90504.7,91283.89,90236.0,91013.65,5477.13594,91747.35142857142,89013.96699999999,0.005623464858731,0.0115782937239723,-0.0079969766663252,0.0224648228519014,13400.118300000002,-0.591262120424713,91296.2,1,6966.27978515625,0.0,0.006475487031883276,0.00040016005820400714,53.42704303431323
2026-01-11,91013.66,92519.95,90128.44,91296.2,16188.08268,91381.1357142857,89049.17333333334,0.0031043691683203,0.0262763853250159,-0.0009294666084175,0.025233548864687,12759.330705714285,0.2687250650812071,95414.0,1,6966.27978515625,0.0,0.0,-0.0052923130877690384,54.52445262675557
2026-01-12,91296.2,96495.0,91042.66,95414.0,23021.51482,91619.14,89290.56766666667,0.0451037392574937,0.0597214341889366,0.0414199478405931,0.0685787143407229,13398.63021,0.7181991337307011,96951.78,1,6977.27001953125,0.001577633215136931,0.0,0.006346038711222478,66.80179078615704
2026-01-13,95413.99,97924.49,94559.28,96951.78,22851.89428,92417.37142857142,89641.22433333333,0.0161170285405734,0.0352695658152437,0.0490644615978196,0.0815535008701149,14623.687928571428,0.5626628789959673,95604.8,0,6963.740234375,-0.0019391230550597216,0.001577633215136931,-0.02103328097029827,70.05332639334766
2026-01-14,96951.78,97193.34,95134.48,95604.8,21725.81369,93060.91571428571,89899.27033333335,-0.0138932982973597,0.0212359174839286,0.0273356893835483,0.0634658061796429,15422.691145714283,0.4086914848215222,95550.94,0,6926.60009765625,-0.005333360445499591,-0.0019391230550597216,0.049786234009300566,64.12848836676596
2026-01-15,95604.81,95871.47,94293.46,95550.94,11167.7146,93762.2957142857,90209.52766666668,-0.0005634653737609,0.0165055502960572,0.0190763704332143,0.0592111772613463,14790.896175714286,-0.2449602466727689,95147.77,0,6944.47021484375,0.0025799262171273263,-0.005333360445499591,0.01170939295515799,63.89578118356025
2026-01-16,95550.94,95639.45,95021.67,95147.77,4280.80137,94425.59142857142,90530.573,-0.00421942473826,0.006465451831243,0.0076481233583257,0.0510015218836624,14958.993911428572,-0.7138309303856661,93673.14,0,6940.009765625,-0.0006423023039563436,0.0025799262171273263,-0.07627366966415604,62.079782554049544
2026-01-17,95147.77,95531.12,93615.4,93673.14,6895.17819,94805.51857142858,90715.11299999998,-0.0154983138333142,0.0201341555351218,-0.0119442263329367,0.0326078742800002,15161.571375714284,-0.5452200818020317,92631.0,0,6940.009765625,0.0,-0.0006423023039563436,-0.21191058588174275,55.82966877739447
2026-01-18,93673.14,93673.14,91910.2,92631.0,14295.52747,94996.20428571428,90857.44966666664,-0.0111252809503343,0.0188201228228284,-0.0248978820101127,0.0195201421549918,14891.206345714285,-0.0400020563737417,88427.66,0,6940.009765625,0.0,0.0,-0.22699002607014107,51.856231408174494
2026-01-19,92630.99,92870.0,87895.98,88427.66,22007.3261,93998.1557142857,90849.743,-0.04537714646038,0.0536971482222094,-0.059261755424411,-0.0266603175751416,14746.322242857144,0.4923942212547237,89454.73,1,6940.009765625,0.0,0.0,-0.17493379544851587,39.61092959664619
2026-01-20,88427.66,90574.0,87263.53,89454.73,20617.50372,92927.14857142858,90877.541,0.01161480468894,0.037437041758201,-0.0373671055747449,-0.0156563545221805,14427.12359142857,0.4290793025609938,89559.67,1,6796.85986328125,-0.02062675805627745,0.0,-0.21224265502163037,43.143867952292325
2026-01-21,89454.73,90359.99,88515.37,89559.67,10825.50492,92063.55857142856,90946.66333333332,0.0011731073359676,0.0206207094918291,-0.0271973906970574,-0.0152506236347538,12869.936624285716,-0.1588532845164016,89600.26,1,6875.6201171875,0.011587741323274559,-0.02062675805627745,-0.16464485344080487,43.50752667070597
2026-01-22,89559.68,91224.99,88578.36,89600.26,13918.48919,91213.46142857142,91011.02366666666,0.0004531056832717,0.0295515794607573,-0.0176860016417062,-0.0155010196548681,13262.904422857142,0.0494299548757232,89225.34,0,6913.35009765625,0.005487502192628835,0.011587741323274559,-0.16689411915647664,43.65763832626643
2026-01-23,89600.26,89957.39,89162.08,89225.34,4226.56737,90367.4,91077.69266666664,-0.0041843628578756,0.0088762019217354,-0.012637964575721,-0.0203381597889841,13255.156708571429,-0.6811378799266179,86670.36,0,6915.60986328125,0.0003268698377891788,0.005487502192628835,-0.1609814697627918,42.53340055583251
2026-01-24,89225.34,89319.13,86074.72,86670.36,14426.22019,89367.00285714286,91054.38599999998,-0.0286351388518104,0.0363619796797636,-0.0301749277801512,-0.0481473347148811,14331.019851428571,0.0066429562974847,88347.08,1,6915.60986328125,0.0,0.0003268698377891788,-0.15324010287795622,35.772810855611255
2026-01-25,86670.36,88860.0,86509.63,88347.08,17766.51453,88755.01428571428,91070.055,0.019345944795891,0.0271184981809236,-0.0045961829762212,-0.0298997842924328,14826.875145714284,0.1982642569925073,89250.0,1,6915.60986328125,0.0,0.0,-0.14921461188815646,42.25909249093888
2026-01-26,88347.08,89523.16,87304.33,89250.0,13125.40425,88872.49142857142,91113.298,0.0102201453630385,0.025114921738217,0.0042477550180079,-0.0204503408492577,13558.029167142857,-0.0319091301404853,89299.99,1,6950.22998046875,0.005006083031276365,0.0,-0.12841342168858616,45.453686701512865
2026-01-27,89249.99,90600.0,88833.65,89299.99,14332.18502,88850.3857142857,91182.06,0.000560224152406,0.0197910386320492,0.005060240111507,-0.0206407927173394,12660.126495714288,0.1320728133997508,84650.16,0,6978.60009765625,0.004081896177137168,0.005006083031276365,-0.12878226151774946,45.63303025456489
2026-01-28,89300.0,89348.0,83383.33,84650.16,30431.38201,88149.02714285713,91054.21566666666,-0.0520698768197088,0.0667936170212765,-0.0396926348056768,-0.0703323357384216,15460.96608,0.9682717012985,84260.49,0,6978.02978515625,-8.172305219089626e-05,0.004081896177137168,-0.08989126036825495,34.32729970936312
2026-01-29,84650.16,84735.75,81118.0,84260.49,35195.84793,87386.20285714285,90941.29133333334,-0.004603299036883,0.0427376628703359,-0.0357689515615262,-0.0734627938022755,18500.588757142858,0.9024177225933584,78741.09,0,6969.009765625,-0.001292631274007694,-8.172305219089626e-05,-0.09298033639892903,33.57654188602169
2026-01-30,84260.5,84270.02,75719.9,78741.09,39491.89133,85888.45285714285,90604.693,-0.0655041211481062,0.1014724574385389,-0.0832168076077813,-0.130938062998569,23538.49218,0.6777579051369804,76968.21,0,6939.02978515625,-0.004301899620894223,-0.001292631274007694,0.03927927641106294,25.177171336847437
2026-01-31,78741.1,79424.0,75700.0,76968.21,25395.48168,84502.43142857144,90170.46233333331,-0.0225154334902611,0.0472942338880203,-0.0891598182584839,-0.1464143799610178,25105.52953571429,0.0115493339374992,78738.61,1,6939.02978515625,0.0,-0.004301899620894223,0.04400401309047785,23.172021405368113
2026-02-01,76968.22,79360.0,74604.0,78738.61,42273.59016,83129.79285714286,89774.149,0.0230015712978681,0.0617917369012821,-0.0528232142318583,-0.1229255762702914,28606.54034,0.4777596192186028,75770.21,0,6939.02978515625,0.0,0.0,0.034929466092127395,29.233060351662274
2026-02-02,78738.6,79186.81,72945.5,75770.21,39120.10889,81204.10857142857,89248.83166666668,-0.0376992986921281,0.0792662048855326,-0.0669165472908161,-0.1510229480314953,32320.069574285717,0.2103968031406867,73165.83,0,6976.43994140625,0.00539126612916796,0.0,-0.007506123965387999,25.58803679134192
2026-02-03,75770.21,76971.52,71888.0,73165.83,38375.36,78899.22857142857,88559.03566666668,-0.0343720836988574,0.0670912750538767,-0.0726673590507674,-0.1738185782036539,35754.80885714286,0.0732922710712135,62909.86,0,6917.81005859375,-0.008403983020698336,0.00539126612916796,0.059809656682048816,22.891163534678697
2026-02-04,73165.84,73341.18,62345.0,62909.86,106298.82899,75793.47142857143,87531.09866666667,-0.1401744311279689,0.1502911741326279,-0.1699831289653104,-0.2812856121048879,46593.01556857144,1.2814326931374271,70580.26,1,6882.72021484375,-0.005072391906223106,-0.008403983020698336,0.1549984571774924,15.82004229040109
2026-02-05,62909.87,71751.33,60000.0,70580.26,92539.21531,73839.15285714286,86838.302,0.1219266547522668,0.1867962849072808,-0.0441350249974816,-0.1872220163862716,54784.92519428572,0.6891364728860159,69289.38,0,6798.39990234375,-0.012251015567674717,-0.005072391906223106,-0.08772579507607027,32.59119761566183
2026-02-06,70580.26,71690.07,67300.0,69289.38,44255.48036,72488.90857142858,86111.28166666668,-0.0182895330790789,0.0621996858611743,-0.0441381810608424,-0.1953507292085557,55465.437912857145,-0.2021070773923994,70330.38,1,6932.2998046875,0.0196957966973359,-0.012251015567674717,-0.09720417384568578,31.45539727212764
2026-02-07,69289.37,72271.41,68888.0,70330.38,21420.53168,71540.64714285715,85434.25166666668,0.0150240938833764,0.0488301452300692,-0.016917195904594,-0.1767894184360211,54897.58791285714,-0.6098092376298511,70138.0,0,6932.2998046875,0.0,0.0196957966973359,-0.09691372719837775,33.46900664735456
2026-02-08,70330.38,71453.53,68308.0,70138.0,29152.72842,70311.98857142858,84755.36166666666,-0.0027353755233514,0.0447250533837581,-0.002474522125794,-0.1724653329208258,53023.17909285715,-0.4501889754866242,68841.29,0,6932.2998046875,0.0,0.0,-0.1031924606677767,33.27446752619967
2026-02-09,70138.0,70527.59,67800.0,68841.29,20373.77072,69322.14285714286,84016.28300000001,-0.018487980837777,0.0388889047306737,-0.0069364973055404,-0.1806196663092083,50345.13078285714,-0.59531795025275,67082.52,0,6964.81982421875,0.004691086716887227,0.0,-0.10850028631395314,31.927382332052048
2026-02-10,68841.28,69292.88,65756.0,67082.52,28718.24602,68453.09857142858,83209.16033333333,-0.0255480432670629,0.0513773131469955,-0.0200221553155613,-0.1938084733547425,48965.54307142857,-0.4135009188378201,66272.17,0,6941.81005859375,-0.003303712975458173,0.004691086716887227,-0.10150285892323155,30.144809185038397
2026-02-11,67082.52,68410.52,65118.0,66272.17,24271.74283,68933.42857142857,82237.766,-0.0120798980121797,0.0490816385550215,-0.0386062122047357,-0.1941394662885176,37247.38790571429,-0.3483638935583892,68853.96,1,6941.47021484375,-4.895607156218951e-05,-0.003303712975458173,-0.11647001560614981,29.332208687535342
2026-02-12,66272.17,69482.97,65872.46,68853.96,20244.54955,68686.81428571428,81301.172,0.0389573783384489,0.0544800328705095,0.0024334468853141,-0.1531000315715005,26919.57851142857,-0.2479618675528193,69822.95,1,6832.759765625,-0.01566101212770199,-4.895607156218951e-05,-0.18656980722547972,35.314965123238395
2026-02-13,68853.97,70560.01,68730.13,69822.95,18114.78393,68763.03857142857,80441.777,0.014072972117657,0.0265762453493965,0.0154139702170146,-0.1320063702720043,23185.193307142858,-0.2186917016379058,68832.58,0,6836.169921875,0.0004990891480125548,-0.01566101212770199,-0.1861505956035958,37.45516493030325
2026-02-14,69822.94,70983.0,68000.0,68832.58,22290.05208,68549.06714285715,79551.165,-0.0141838771040004,0.0427223488440904,0.0041359112378875,-0.1347382530475825,23309.41050714286,-0.0437316261958014,68892.43,1,6836.169921875,0.0,0.0004990891480125548,-0.1901845508422379,36.13906086389144
2026-02-15,68832.59,70126.67,67294.11,68892.43,15515.76534,68371.12857142856,78675.987,0.0008693556351721,0.0411514371317423,0.0076245842282216,-0.1243525168613391,21361.272924285717,-0.2736497775673253,67503.52,0,6836.169921875,0.0,0.0,-0.18931824488040538,36.284765431108845
2026-02-16,68892.43,69241.5,66621.06,67503.52,16489.06921,68180.01857142858,77803.66633333334,-0.0201605604563518,0.0380366899527277,-0.0099222409380813,-0.1323863876697601,20806.31556571429,-0.2074969180429266,66461.0,0,6836.169921875,0.0,0.0,-0.1894279485085117,34.327393628130636
2026-02-17,67503.52,68476.22,65870.0,66461.0,15492.43839,68091.23,76931.33300000001,-0.0154439353681112,0.0386086532968947,-0.023941849780067,-0.1360997215529855,18916.91447571429,-0.1810272013499169,67003.73,1,6843.22021484375,0.0010313220779065713,0.0,-0.19009866442288798,32.89306608104701
2026-02-18,66461.0,67320.0,65631.83,67003.73,14542.26988,68195.73857142856,76217.202,0.0081661425497659,0.0254009118129429,-0.0174792237227558,-0.1208844166176555,17526.98976857143,-0.1702927843276025,68020.01,1,6881.31005859375,0.005566070147410729,0.0010313220779065713,-0.1769698241096336,34.4291067887048
2026-02-19,67003.73,68318.39,66280.2,68020.01,35351.87091,68076.60285714285,75502.71133333334,0.0151675138085595,0.0304190527900462,-0.0008313114163703,-0.0991050679001224,19685.178534285715,0.7958623463042296,67975.93,0,6861.89013671875,-0.0028221256867719813,0.005566070147410729,-0.16026668151214446,37.322205608555244
2026-02-20,68020.0,68698.7,67534.69,67975.93,8032.84131,67812.74285714286,74783.25333333334,-0.0006478976771538,0.0171127609526609,0.0024064377280964,-0.0910273761826179,18244.90101714286,-0.5597212995317232,67643.4,0,6909.509765625,0.006939724763506794,-0.0028221256867719813,-0.17376967557410766,37.24544503226287
2026-02-21,67975.93,68245.0,67190.0,67643.4,8175.13484,67642.86,74051.358,-0.0048918786399832,0.0155201995765265,7.98310420336451e-06,-0.0865339701130126,16228.484268571428,-0.496247788474478,64656.02,0,6909.509765625,0.0,0.006939724763506794,-0.18277585403089414,36.63334634602061
2026-02-22,67643.39,67684.86,63888.79,64656.02,33075.90923,67037.65857142858,73232.38066666666,-0.0441635169378708,0.0561188609855301,-0.03552687582146,-0.1171115917384123,18737.076252857143,0.7652652304788684,64058.15,0,6909.509765625,0.0,0.0,-0.18083456125765845,31.607764197342092
2026-02-23,64656.01,65026.75,62510.28,64058.15,23102.83622,66545.46285714286,72478.64033333333,-0.0092467815443606,0.0389208984594007,-0.0373776475562657,-0.1161789224329681,19681.90011142857,0.1738112727533362,67988.04,1,6837.75,-0.010385652247284827,0.0,-0.1733113285424639,30.700048548207903
2026-02-24,64058.15,69988.83,63913.27,67988.04,30749.99259,66763.61142857143,71800.00566666666,0.0613487901227243,0.0948444499255755,0.018339759417277,-0.0530914396353089,21861.55071142857,0.4065787462151445,67485.18,0,6890.06982421875,0.0076516140863223114,-0.010385652247284827,-0.09633094430134644,42.407901637324834
2026-02-25,67988.04,68860.0,66500.0,67485.18,20737.77792,66832.39,71074.51166666667,-0.0073963008788016,0.0347119875789918,0.0097675692878856,-0.050500968385127,22746.623288571427,-0.0883140034934648,65872.1,0,6946.1298828125,0.008136355657339944,0.0076516140863223114,-0.10550274890774686,41.44307847248031
2026-02-26,67485.19,68216.8,64914.46,65872.1,21228.58424,66525.5457142857,70293.582,-0.0239028740972648,0.0489342921017189,-0.0098224780761983,-0.0629002232380189,20729.010907142856,0.0241002011670995,66973.26,1,6908.85986328125,-0.005365580569328343,0.008136355657339944,-0.10031179835049427,38.4232096556441
2026-02-27,65872.09,67760.0,63030.0,66973.26,22548.71649,66382.30714285714,69704.352,0.016716791588061,0.0718058285383081,0.0089022645126072,-0.0391810829831687,22802.707361428573,-0.0111386278568924,65776.47,0,6878.8798828125,-0.00433935281103115,-0.005365580569328343,-0.1111402566704248,41.554110036493206
2026-02-28,66973.26,68199.99,65056.0,65776.47,23201.85859,66115.60285714285,69088.21800000001,-0.0178696691784152,0.0469439594250004,-0.0051293921931804,-0.0479350618074996,24949.38218285714,-0.0700427601793632,68830.06,1,6878.8798828125,0.0,-0.00433935281103115,-0.1113477838858012,39.22004731233412
2026-03-01,65776.48,70096.0,65259.21,68830.06,32010.38431,66711.89428571428,68757.85033333332,0.046423584843701,0.0735337312060481,0.0317509454193283,0.0010502025051191,24797.164337142854,0.2908889046661153,68338.0,0,6878.8798828125,0.0,0.0,-0.13981335838021985,47.34653610839013
2026-03-02,68830.06,69258.08,66158.0,68338.0,24972.2418,67323.30142857143,68470.17666666667,-0.007148911391331,0.0450396236760508,0.0150720263251668,-0.0019304268383904,25064.22227714286,-0.0036697917902979,72666.77,1,6881.6201171875,0.0003983547353176853,0.0,-0.1399684078362606,46.272889820253404
2026-03-03,68338.01,74050.0,67400.0,72666.77,44919.0761,67991.69142857143,68267.78199999999,0.0633433721584812,0.0973104133409796,0.0687595568399702,0.0644372480125399,27088.37706428572,0.6582416876950119,70890.72,0,6816.6298828125,-0.009444031095625416,0.0003983547353176853,-0.20039489768757923,55.77413425304279
2026-03-04,72666.77,73558.15,70645.47,70890.72,26590.51253,68478.19714285714,68105.13233333333,-0.0244410202902922,0.0400826952952497,0.035230525302965,0.0409012885113108,27924.482008571427,-0.0477706078186863,68114.02,0,6869.5,0.007756049264286302,-0.009444031095625416,-0.19667240440039863,51.731905861130336
2026-03-05,70891.02,71419.98,67744.78,68114.02,22629.88722,68798.47142857143,67936.73866666667,-0.0391728035511408,0.0518429555675739,-0.0099486429619594,0.0026095060907054,28124.66814857143,-0.1953722938007548,67262.91,0,6830.7099609375,-0.005646704863891072,0.007756049264286302,-0.20619948359058718,46.10586779063141
2026-03-06,68114.02,68551.04,66915.26,67262.91,12719.54315,68839.85,68081.84033333333,-0.0124953717311061,0.0240153201939923,-0.0229073712391877,-0.0120286162848093,26720.50052857143,-0.5239781104998623,65971.2,0,6740.02001953125,-0.013276795812569242,-0.005646704863891072,-0.31041166834731015,44.50806094176416
2026-03-07,67262.91,68200.0,65618.49,65971.2,21593.63901,68867.66857142857,67928.205,-0.0192038970660057,0.0383793980962166,-0.0420584670791402,-0.0288099030439565,26490.754874285714,-0.1848613181287367,68944.58,1,6740.02001953125,0.0,-0.013276795812569242,-0.15790023758044033,42.12221035646308
